id_str;created_at;screen_name;text;user_followers;sentiment;funcionality;client_attention;sentiment_code
153653000000000;Tue Jun 14 01:55:56 +0000 2022;EdgarcueroO;disfruta conmigo llamadas gratis;5006;0;0;0;0
153653000000000;Tue Jun 14 01:51:30 +0000 2022;gilcuate;ayudanos vender boletos rifa favor reunir max estudios odin sigue delicad;20;0;0;0;0
153653000000000;Tue Jun 14 01:45:56 +0000 2022;ilovminnie_;cambie huawei ahora cómo entrar cuentas fanplus odio huawei arruinaste vida;51;0;1;0;1
153653000000000;Tue Jun 14 01:14:19 +0000 2022;alexander_tdf;necesito ayuda recomendáis hacer irl setup fotos darle vida instagram m;6;0;0;0;0
153653000000000;Tue Jun 14 01:06:54 +0000 2022;pablo_calva;aún sigo esperando emui nova t gracias telcel software personalizado bloqueado huawei solo saben decir podemos hacer forma cuidar clientes;39;0;1;0;1
153653000000000;Tue Jun 14 00:30:12 +0000 2022;Zavala_Ra;huawei podría apoar educación superior  ecuador;7006;0;0;0;0
153653000000000;Tue Jun 14 00:28:08 +0000 2022;coosti_b;fin huawei gw;250;0;1;0;1
153653000000000;Mon Jun 13 23:53:43 +0000 2022;eveemtz_;resistiré mas pueda huawei últimas;34;0;0;0;0
153653000000000;Mon Jun 13 23:46:33 +0000 2022;blogyarq;amo huawei p lite actuales google gusta única opción ahora iphone quiero sé usar;70643;1;1;0;3
153653000000000;Mon Jun 13 23:44:29 +0000 2022;blogydeco;momentos odio huawei;14568;0;1;0;1
153653000000000;Mon Jun 13 23:44:27 +0000 2022;eveemtz_;usar windows movie maker editor huawei suficiente;34;1;1;0;3
153653000000000;Mon Jun 13 23:38:08 +0000 2022;bere_nice_;cuál celular huawei p sma así;42;0;1;0;1
153653000000000;Mon Jun 13 23:29:15 +0000 2022;ayala13_alfredo;bien típico pagas audífonos huawei muchísimo dinero mandan unas mascarillas sé madres procede casos;115;0;0;0;0
153653000000000;Mon Jun 13 23:16:21 +0000 2022;Alguien97663534;cómo vez cae celular piso cerámico huawei nuevo ladrillo pasó raya;1;1;1;0;3
153653000000000;Mon Jun 13 23:15:55 +0000 2022;xdxdxdgghj;clientes chiste huawei primero ofrecen cosa después echan atrás nota;15;0;0;1;2
153653000000000;Mon Jun 13 23:05:50 +0000 2022;Recca_Hanabishi;huawei p pro gb negro ayuda siempre salimos adelante mil gracias #;174;0;0;0;0
153653000000000;Mon Jun 13 23:00:09 +0000 2022;HuaweiMobileCo;ayudanos vender boletos rifa favor reunir max estudios odin sigue delicado huawei p pro gb negro favor boleto hace mucha diferencia # favor abro hilo;140650;0;0;0;0
153653000000000;Mon Jun 13 22:58:55 +0000 2022;KveikurPris;tips lograr profesionales teléfono;1660;0;0;0;0
153653000000000;Mon Jun 13 22:52:31 +0000 2022;ferxx17;ustedes creen cool trabajar huawei amigos novia dice sabe dónde quiere ir comer das opciones todas dice;559;0;0;1;2
153653000000000;Mon Jun 13 22:50:20 +0000 2022;La_Republica;obtén rendimiento superior mejores resultados equipos huawei cotiza luis laime com;188579;0;0;0;0
153653000000000;Mon Jun 13 22:46:07 +0000 2022;IvanNavaMx;tecnología huawei hace fácil usuarios poder cuidar aspectos necesarios manera inteligente físico mental;29111;0;0;0;0
153653000000000;Mon Jun 13 21:58:02 +0000 2022;topdescuentostg;van dos semanas sigo esperando respuesta huawei prometen cupones pides ignoran teléfono;95;0;0;1;2
153653000000000;Mon Jun 13 21:52:32 +0000 2022;BoliviaNueva1;clientes chiste huawei primero ofrecen cosa después echan atrás nota;742;0;0;1;2
153653000000000;Mon Jun 13 21:36:22 +0000 2022;HuaweiEntMX;huawei watch fit nueva revisión;4139;0;0;0;0
153653000000000;Mon Jun 13 21:35:49 +0000 2022;RaynerDurango;gusta samsung galaxy s huawei paaaaaabre trabaje;347;1;1;0;3
153653000000000;Mon Jun 13 21:23:57 +0000 2022;innersun_;dos cosas si pudieran ser regaladas pues mejor sino pues pulsera reloj xiaomi samsung huawei auriculares aripods aliexpress menos;98;0;0;0;0
153653000000000;Mon Jun 13 20:57:17 +0000 2022;Muwe7;hace días cambiado internet win costo instalación amplificador señal huawei incluido;127;0;0;0;0
153653000000000;Mon Jun 13 20:40:04 +0000 2022;Zicutake;whatsapp pide actualización versión según todavía disponible apk compren huawei google play;2017;0;1;0;1
153653000000000;Mon Jun 13 20:32:37 +0000 2022;peruenlanoticia;lógica sigo ocupando voz texto escribe cualquier hueva come palabras cambia fonéticamente similares culpa huawei insiste v;56201;0;1;0;1
153653000000000;Mon Jun 13 20:16:22 +0000 2022;TransMilenio;xiaomi huawei invasivos apps;1974596;0;1;0;1
153653000000000;Mon Jun 13 19:43:08 +0000 2022;HuaweiMobileMx;preocupes puedes inscribie huawei developer puedas asistir webinars expeos comentando experiencia desarrollo apps además soeando watch fit inscritos;197869;0;0;0;0
153653000000000;Mon Jun 13 19:42:53 +0000 2022;Tecnohaus;condición app integrada servicios móviles huawei funcione dispositivo móvil marca;8317;0;0;0;0
153653000000000;Mon Jun 13 19:22:13 +0000 2022;TrwDmch;pae tema seguridad integridad utilización datos definitivamente debe regularse necesidad nivel mundial mientras inec analiza económico población google huawei apple;5;0;0;0;0
153653000000000;Mon Jun 13 19:21:07 +0000 2022;cuscatlanmarket;van dos semanas sigo esperando respuesta huawei prometen cupones pides ignoran teléfono;30;0;0;1;2
153653000000000;Mon Jun 13 19:20:36 +0000 2022;karinardgz_;clientes chiste huawei primero ofrecen cosa después echan atrás nota;378;0;0;1;2
153653000000000;Mon Jun 13 19:15:00 +0000 2022;tmasnews;reseña watch kids pro huawei apuesta control parental descuida tamaño;540;0;0;0;0
153653000000000;Mon Jun 13 19:11:46 +0000 2022;racor12;jefes firman agenda digital cumbre américas  altán redes “ nación” amlo https;3;0;0;0;0
153653000000000;Mon Jun 13 19:06:34 +0000 2022;Juankchs;jefes firman agenda digital cumbre américas  altán redes “ nación” amlo;311;0;1;0;1
153653000000000;Mon Jun 13 18:23:25 +0000 2022;Mjurana2;llevo días cancelación monitores veo alguna solución pae huawei prome;61;0;0;1;2
153653000000000;Mon Jun 13 18:21:13 +0000 2022;abiabam7;van dos semanas sigo esperando respuesta huawei prometen cupones pides ignoran teléfono;434;0;0;1;2
153653000000000;Mon Jun 13 18:15:31 +0000 2022;chollosyoferta;hola encanta comentario esperamos sigas compaiendo experiencia huawei toda comunidad gracias preferencia;2481;0;0;0;0
153653000000000;Mon Jun 13 18:11:56 +0000 2022;HuaweiLatam;clientes chiste huawei primero ofrecen cosa después echan atrás nota;85310;0;0;1;2
153653000000000;Mon Jun 13 18:08:42 +0000 2022;Toxyc_Gentleman;características debemost tener cuenta momento comprar smaphones gama premium;248;0;0;0;0
153653000000000;Mon Jun 13 18:05:05 +0000 2022;edavmg;llévate huawei recibe gigas navegar papá red consulta términos condiciones;2;0;0;0;0
153653000000000;Mon Jun 13 18:04:13 +0000 2022;edavmg;goey pinche samsung duró relación reciente carga pila extraño huawei;2;1;1;0;3
153653000000000;Mon Jun 13 18:00:49 +0000 2022;grekap;belinda imagen huawei mobile mx;5495;0;0;0;0
153653000000000;Mon Jun 13 18:00:05 +0000 2022;bekiaes;si usas app google aconsejo compres huawei amigable sistema operativo;18870;0;1;0;1
153653000000000;Mon Jun 13 17:51:33 +0000 2022;aunciertopunto;producto recomendado aliexpress dentro programa afiliados trípode teléfono pulgadas xiaomi huawei iphoen smaphone control remoto inalámbrico sopoe teléfono trípode ligero cámara universal sopoe;954;0;0;0;0
153653000000000;Mon Jun 13 17:48:54 +0000 2022;evasarabialopez;explora plataforma creada objetivo preservar difundir c;481;0;0;0;0
153653000000000;Mon Jun 13 17:48:08 +0000 2022;villa2016mx;parece chiste razón compro huawei xiaomi escuchen gringos surcoreanos preocupa;120;0;1;0;1
153653000000000;Mon Jun 13 17:45:04 +0000 2022;joastorga;clientes chiste huawei primero ofrecen cosa después echan atrás nota;568;0;0;1;2
153653000000000;Mon Jun 13 17:41:42 +0000 2022;atreide73;horas madre señor chupa pensando cambiarme apple watch da voy seguir huawei watch bateria semana hace mismo apple watch pena apple inviea mas;3182;1;1;0;3
153653000000000;Mon Jun 13 17:29:54 +0000 2022;maperbim1979;existe marca perfecta siempre depende necesidades presupuesto recomiendo asus sé si escribe así huawei apple;353;1;1;0;3
153653000000000;Mon Jun 13 17:09:04 +0000 2022;Pixelania;luego años vuelve huawei hogar argentino productos comercializará;88807;0;0;0;0
153653000000000;Mon Jun 13 17:08:08 +0000 2022;AkiTov900;última llamada quieres asistir concieazo marlon madrid invitamos show riviera junio suscríbete huawei music podrás ganar entradas necesitas saber;1073;0;0;0;0
153653000000000;Mon Jun 13 17:07:39 +0000 2022;Pixelania;huawei completa chile toda nueva serie p;88807;0;0;0;0
153653000000000;Mon Jun 13 17:04:02 +0000 2022;TecnoBinaria;llevo días cancelación monitores veo alguna solución pae huawei prome;343;0;0;1;2
153653000000000;Mon Jun 13 17:00:34 +0000 2022;niko_store;van dos semanas sigo esperando respuesta huawei prometen cupones pides ignoran teléfono;122;0;0;1;2
153653000000000;Mon Jun 13 17:00:23 +0000 2022;iproup;clientes chiste huawei primero ofrecen cosa después echan atrás nota;8311;0;0;1;2
153653000000000;Mon Jun 13 17:00:01 +0000 2022;HuaweiMobileESP;clientes chiste huawei primero ofrecen cosa después echan atrás nota respetan;258982;0;0;1;2
153653000000000;Mon Jun 13 16:59:14 +0000 2022;ActualidadBotG;van dos semanas sigo esperando respuesta huawei prometen cupones pides ignoran teléfono correos chat horrible traten así clientes;903;0;0;1;2
153653000000000;Mon Jun 13 15:45:24 +0000 2022;HuaweiMobileCAN;traba huawei comadre puedo ver fabulosa vida así;9881;0;1;0;1
153653000000000;Mon Jun 13 15:37:55 +0000 2022;batioscar9;robo macbook pro mini celular huawei plite plateado así tenis nuevos caballero caja m;230;0;0;0;0
153653000000000;Mon Jun 13 15:29:56 +0000 2022;icelabp;corre descubre experiencia pubg mobile app gallery huawei promoción válida sólo chile;306;0;0;0;0
153653000000000;Mon Jun 13 15:28:53 +0000 2022;MARCIANOPHONE;niego comprar iphone amigos conocedores xiaomi huawei relación cámara saldrá excelente;319388;1;1;0;3
153653000000000;Mon Jun 13 15:24:50 +0000 2022;juls_Pc;bueno mayoría celulares fabrican china huawei incluido iphones xiaomi lenovo etc excepción samsung fabrica asia corea sur vietnam ahí dejo;5395;0;0;0;0
153653000000000;Mon Jun 13 14:56:25 +0000 2022;Borre;matebook nueva laptop conveible huawei;887;0;0;0;0
153653000000000;Mon Jun 13 14:40:50 +0000 2022;BogdanYosava;huawei android sopoa casi ninguna apps hoy día igual pueda mantendré;1067;0;1;0;1
153653000000000;Mon Jun 13 14:40:21 +0000 2022;edith55305624;utn firmó convenio marco empresa huawei utn firmaron convenio conformar alianza estratégica coordinar distintas acciones carácter formativo pasantías opounidades jóvenes profesionales iniciativas;0;0;0;0;0
153653000000000;Mon Jun 13 14:39:39 +0000 2022;rcnmundo;primeros curros fotografía huawei p pro paido político digo;196251;0;0;0;0
153653000000000;Mon Jun 13 14:39:34 +0000 2022;rcnmundo;pues si maps huawei;196251;1;1;0;3
153653000000000;Mon Jun 13 14:39:10 +0000 2022;rcnradio;padre foto creo pueda tener edición imagen parecidas usaron publicitar campaña p huawei;3291312;1;1;0;3
153653000000000;Mon Jun 13 14:23:57 +0000 2022;SceuUtn;hace días cambiado internet win costo instalación amplificador señal huawei incluido;96;0;0;0;0
153653000000000;Mon Jun 13 14:13:55 +0000 2022;icabieces;segunda vez teléfono sobrevive perfectamente después caer agua primero bañera agua ayer charco agua sobrevivo caídas escaleras incluso huawei hierba mala nunca muere;873;1;1;0;3
153653000000000;Mon Jun 13 14:08:33 +0000 2022;Dr_Oskar;emprendedoras debaten gestión tiempo salud encuentros huawei;1052;0;0;0;0
153653000000000;Mon Jun 13 14:02:07 +0000 2022;EdfraOct;huawei presenta innovaciones revolucionarán ia g experiencia usuario;28;0;0;0;0
153653000000000;Mon Jun 13 13:59:11 +0000 2022;AdrJS;palabra corrupción palabra mejor define huawei españa;861;0;0;0;0
153653000000000;Mon Jun 13 13:57:08 +0000 2022;Elena_Estevez;help alguien ayude celular huawei servicios google pues ahora puedo entrar ninguna app votación si servicio alguien huawei sabe puedo poner servicio celular;504;0;1;0;1
153653000000000;Mon Jun 13 13:27:58 +0000 2022;autonomadechile;actualización software huawei latinoamérica;21836;0;0;0;0
153653000000000;Mon Jun 13 13:17:56 +0000 2022;caballeronoctu3;huawei compae características tener cuenta comprar smaphones gama premium;129;0;0;0;0
153653000000000;Mon Jun 13 13:17:35 +0000 2022;Atilaa27;huawei patenta procesador cuántico problemas actualizar emui pro través;1916;0;0;0;0
153653000000000;Mon Jun 13 13:12:00 +0000 2022;jenarovillamil;bueno huawei veces tw traba;606507;1;1;0;3
153653000000000;Mon Jun 13 12:29:01 +0000 2022;xatakaseleccion;jajajajajaja carga cada minutos jajajaja necesito cargador huawei r i g i n l;5053;0;0;0;0
153653000000000;Mon Jun 13 09:44:11 +0000 2022;alfred06991;disculpé kia regañé jsjsjs claramente valió tres hectáreas camote dejé subirse cama mimir btw respetos freebuds huawei aguanteeeee caído siguen sonando perrisimo;287;1;1;0;3
153653000000000;Mon Jun 13 07:25:35 +0000 2022;mancku;fin pude deshacer teléfono inservible huawei peores meses vida google tan emocionante volver tener limitaciones;537;0;1;0;1
153653000000000;Mon Jun 13 07:25:23 +0000 2022;OfertitasDiaria;huawei watch gt pro smawach ofrece software harmonyos precio puede alcance usuarios;711;0;1;0;1
153653000000000;Mon Jun 13 07:07:00 +0000 2022;computerhoy;alguno sabe solución problema usuarios huawei problema hace meses ai aún sabe tienda google huawei existe dejan tampoco descargar;248855;0;0;0;0
153653000000000;Mon Jun 13 07:04:23 +0000 2022;EsPlateada;huawei lápiz presión va genial odio aple malo tablets echo falta teclas cambiar cosas luego ver dibujo comodidad;19;1;1;0;3
153653000000000;Mon Jun 13 06:59:29 +0000 2022;mirandan604;huawei watch gt pro smawach ofrece software harmonyos precio puede alcance usuarios;35;0;1;0;1
153653000000000;Mon Jun 13 06:18:04 +0000 2022;soportelecos;mal anda celular pensando cambiar motorola motorola extraño huawei dale datos gobierno chino;628;1;1;0;3
153653000000000;Mon Jun 13 05:48:48 +0000 2022;nincobo9;ay k horribles emjisde huawei;338;0;1;0;1
153653000000000;Mon Jun 13 05:42:39 +0000 2022;guadarvmrr;tres razones hacen estructura financiera apreciada ventajosa mundo rapidez análisis archivos clientes tasa porcentual ahora tarifas solicitud gratuita;295;0;0;0;0
153653000000000;Mon Jun 13 05:41:49 +0000 2022;LauraCa19697811;veces puedo responder aunque activé notis celular deficiente huawei si igual;253;0;1;0;1
153653000000000;Mon Jun 13 05:38:07 +0000 2022;chefermart;peor pendejos toman selfies tapando pinches jetas huawei;150;0;0;0;0
153653000000000;Mon Jun 13 05:33:33 +0000 2022;repicatrompo;weeey caga aparecen tweets hace días huawei cargaba recientito;5377;1;1;0;3
153653000000000;Mon Jun 13 05:32:22 +0000 2022;bokitosii;niño queria huawei xddd;43;0;1;0;1
153653000000000;Mon Jun 13 05:12:37 +0000 2022;CarmenEspa3;escucharon sonó huawei;189;0;0;0;0
153653000000000;Mon Jun 13 05:05:56 +0000 2022;Dosielux;bug incompatibilidad usar cargador huawei pillo;59;0;0;0;0
153653000000000;Mon Jun 13 05:03:54 +0000 2022;ExpertoAbsoluto;bueno definitivamente boric espanto inversión chile menos borrador nueva constitución;870;0;0;0;0
153653000000000;Mon Jun 13 04:32:20 +0000 2022;mykarenwreckd;escucharon sonó huawei;66;0;0;0;0
153653000000000;Mon Jun 13 04:30:08 +0000 2022;RodRuiz0;encontré aplicación buena appgallery pruébela;809;1;1;0;3
153653000000000;Mon Jun 13 04:08:19 +0000 2022;rifamaniasiglo;puta madre teclado mierda arrobar b grande coñooooo fuck you huawei;5;0;1;0;1
153653000000000;Mon Jun 13 02:59:47 +0000 2022;CharcasIbarra;robo macbook pro mini celular huawei plite plateado así tenis nuevos caballero caja m;3851;0;0;0;0
153653000000000;Mon Jun 13 02:56:28 +0000 2022;blaberon;huawei peo usa ahora quedé samsung ahora problemas envidiar iphone;1566;1;1;0;3
153653000000000;Mon Jun 13 02:47:13 +0000 2022;KiritoXd01;huawei anuncia construirá tercer data center chile inversión us millones;43;0;0;0;0
153653000000000;Mon Jun 13 02:45:16 +0000 2022;dtureo;tal dijeron arriba xiaomi anda re bien huawei da menos rango;959;0;1;0;1
153653000000000;Mon Jun 13 01:07:23 +0000 2022;AdryHuaw;huawei nova review bueno malo smaphone;21;0;0;0;0
153653000000000;Mon Jun 13 01:06:24 +0000 2022;ojrojasp;dios hagan compatibles teléfonos huawei aplicación;1266;0;1;0;1
153653000000000;Mon Jun 13 01:00:22 +0000 2022;dpl_tech;my huawei necesitas solo lugar;1765;0;0;0;0
153653000000000;Mon Jun 13 00:09:19 +0000 2022;transmediachile;buenas noticias prestaron huawei p mientras ahorro reparar móvil puedo moverme redes seguido qvq;42554;1;1;0;3
153653000000000;Mon Jun 13 00:07:08 +0000 2022;Edinson50368698;sucedido dudas huawei;234;0;0;0;0
153653000000000;Mon Jun 13 00:00:04 +0000 2022;HuaweiMobileCo;vienen nuevos precios cambios pantalla huawei;140650;0;0;0;0
153653000000000;Sun Jun 12 23:57:27 +0000 2022;Herbert00_;padre ten seguro q huawei va costar huevo poder instalar hs xd;242;0;1;0;1
153653000000000;Sun Jun 12 23:55:48 +0000 2022;PlusNichi;pues ver gente millonaria día sale iphone android alta gama x ejemplo iphone androide ipad twittea ver tomaría foto iphone promax subió desu huawei p pro;1140;0;0;0;0
153653000000000;Sun Jun 12 23:54:54 +0000 2022;meddle2010;narra inicios éxitos altibajos compañía china fundada ren zhengfei;963;0;0;0;0
153653000000000;Sun Jun 12 23:21:16 +0000 2022;MS999935;hola santiago gracias comunicae huawei poder brindae información aplicaciones favoritas invitamos enviarnos mensaje directo servie;170;0;0;0;0
153653000000000;Sun Jun 12 23:16:07 +0000 2022;iPhone911sv;bastan huawei destrozado hace casi años habitacion parece zulo oega lara ser mejor;10733;1;1;0;3
153653000000000;Sun Jun 12 23:15:11 +0000 2022;fastecks;bastan huawei destrozado hace casi años habitacion parece zulo oega lara ser mejor tuitero historia;172;1;1;0;3
153653000000000;Sun Jun 12 23:11:42 +0000 2022;TriittonHB;narra inicios éxitos altibajos compañía china fundada ren zhengfei ahora empresa mundialmente famosa;734;0;0;0;0
153653000000000;Sun Jun 12 23:10:28 +0000 2022;wipamx;políticos d occidente pendejos soberbios ambos aplicaron tácticas d bloqueo único q consiguieron q ind d smarphones asceleraran independencia d android menos depender d éstos;731;0;0;0;0
153653000000000;Sun Jun 12 23:09:15 +0000 2022;HuaweiMobileMx;oiganlo propia voz;197869;0;0;0;0
153653000000000;Sun Jun 12 23:04:08 +0000 2022;anarcogitana;oigalo voz clara lópez ridícula ciega sorda petro atembada;1304;0;0;0;0
153653000000000;Sun Jun 12 23:02:25 +0000 2022;pirriconban88;pues usado modelos huawei recientemente salido buenos uso actualmente huawei cuanto caídas buenas carcasas protectoras uso rudo humilde opinión padre value;943;1;1;0;3
153653000000000;Sun Jun 12 22:48:45 +0000 2022;Ohrwurm14;estabamos comiendo flojas mogul vienen unas turrs pedirnos ig pane pone joaquincoste lukapanel encima n situacion huawei;5335;0;0;0;0
153653000000000;Sun Jun 12 22:47:26 +0000 2022;toxin_vacota;gustando actualización emui huawei mate apae quemó toda memoria teléfono sabes ceeza cuanta memoria extra puede poner sopoe;376;0;1;0;1
153653000000000;Sun Jun 12 22:46:13 +0000 2022;Erick_FFM;queeeee k d huawei deja x servicios google;5;0;1;0;1
153653000000000;Sun Jun 12 22:12:21 +0000 2022;alvadushis;mientas huawei;824;0;0;0;0
153653000000000;Sun Jun 12 22:10:04 +0000 2022;Mihomow;repito pésimos compradores ver mejor huawei mejor sony lejísimos competirá sony calidad media;150;1;1;0;3
153653000000000;Sun Jun 12 20:15:03 +0000 2022;quierochollos15;características debes tener cuenta comprar smaphones gama premium;95;0;0;0;0
153653000000000;Sun Jun 12 20:08:53 +0000 2022;locoalmicro;dices aplica iphone galaxy s huawei m p xiaomi etc etc menos tercio consigues teléfono iguala rendimiento cualquiera acabo mencionar gama;95;0;0;0;0
153653000000000;Sun Jun 12 20:02:01 +0000 2022;cemdatic1;campaña mierda samsung regalar celular solo mejor jugador paido huawei mejores cámaras mete pregunto app opción quejarse nose estan bien protegidos bueno;6;1;1;0;3
153653000000000;Sun Jun 12 20:00:02 +0000 2022;ofertazaspain;smawatch huawei auténtico relojazo semana autonomía ofeón días iva huawei;3191;0;0;0;0
153653000000000;Sun Jun 12 19:45:01 +0000 2022;MrCopy19;general;0;0;0;0;0
153653000000000;Sun Jun 12 19:33:08 +0000 2022;cruz_300_;usar huawei nunca ocupe ver cómo respaldar woa llorar;2;0;1;0;1
153653000000000;Sun Jun 12 19:31:35 +0000 2022;27is12;nuevo huawei mate xs móvil plegable avanzado huawei ligeros;1193;0;0;0;0
153653000000000;Sun Jun 12 19:11:29 +0000 2022;Mjurana2;siempre usas filtros perdón colega huawei cámara mierda;61;0;1;0;1
153653000000000;Sun Jun 12 19:05:24 +0000 2022;LaMamaLuchona28;«huawei» mayúscula inicial si vas hablar redacción aprendé escribir correctamente primero;103;0;0;0;0
153653000000000;Sun Jun 12 19:03:36 +0000 2022;andro4all;ver ahora redáctalo nuevo bien entendamos da igual si haces huawei china comunista;89784;0;0;0;0
153653000000000;Sun Jun 12 18:40:51 +0000 2022;chrissavend;huawei bloqueo entonces ver saca honor diseño software parecen huawei cosa dejan desarrollan mismo software honor compatibles teléfonos así usuarios deciden si instalan;1163;0;1;0;1
153653000000000;Sun Jun 12 18:36:45 +0000 2022;malik_asim_awan;ludos clamor auriculares in ear cable microfono cascos espuma memoria cable reforzado graves earphones iphone ipad samsung xiaomi huawei gaming depoivos ordenador precio € enlace;19;0;0;0;0
153653000000000;Sun Jun 12 18:34:30 +0000 2022;malik_asim_awan;si app verifica si celu white list huawei nfc salió oficialmente argentina app dice puedo recargar;19;0;0;0;0
153653000000000;Sun Jun 12 18:30:27 +0000 2022;PromoBotMX;alumnos dacs gobierno municipio centro huawei technoligies invitan siguientes cursos muestran imagen junio registrarse;427;0;0;0;0
153653000000000;Sun Jun 12 18:27:10 +0000 2022;iEduardoSanchez;huawei dos funciona msj texto;365;0;1;0;1
153653000000000;Sun Jun 12 18:23:36 +0000 2022;preycacom;viene nueva experiencia entrenamiento nuevo huawei cuida salud atrévete tomar nuevo;53;0;0;0;0
153653000000000;Sun Jun 12 18:22:40 +0000 2022;atrapazon;huawei ahora van google puedo comprar;571;0;1;0;1
153653000000000;Sun Jun 12 15:02:35 +0000 2022;PacoQuiroga;encuentra diferencia eo logo huawei cuidado mensaje oculto;6182;0;0;0;0
153653000000000;Sun Jun 12 14:11:05 +0000 2022;LolaFlo44997049;cambiar huawei xq empezó hinchar batería daba cosita reventase jsjsjs;2;0;1;0;1
153653000000000;Sun Jun 12 11:55:27 +0000 2022;kuki1974;store huawei siempre app quiero descargar;162;0;1;0;1
153653000000000;Sun Jun 12 11:55:16 +0000 2022;topdescuentostg;cómo llega ser líder patentes mundo descúbrelo aquí;95;0;0;0;0
153653000000000;Sun Jun 12 11:48:27 +0000 2022;aajuansolisaa;junto unieron llevar cabo programa través premian personas mejor desempeño dentro programa;308;0;0;0;0
153653000000000;Sun Jun 12 11:35:49 +0000 2022;EdgarcueroO;caro iphone programar modo enfoque despieen notificaciones reloj huawei detecta solo ciclo sueño desactiva notificaciones si puedes dormir reloj huawei necesario cargarlo diario;5006;1;1;0;3
15368917406653;Wed Jun 15 02:01:59 +0000 2022;Sol14492472;vídeo huawei lanza cinco nuevos productos república dominicana huawei presentó país nuevo ecosistema productos diferentes categorías incluyen huawei gt bocina sound joy serie;339;0;0;0;0
153689138294999;Wed Jun 15 02:00:34 +0000 2022;dpl_tech;huawei rd lanzó varios productos buenos matebook watch gt aire p pro;1765;1;1;0;3
153688465763076;Wed Jun 15 01:33:50 +0000 2022;Viktor_MC28;oppo reno lite expiración ram escala polimero reforzado antihuelga rayones honor familia huawei mismo sistema nombre oppo maneja inteligente ai lentes embellecimiento c;820;0;0;0;0
153688370356942;Wed Jun 15 01:30:03 +0000 2022;dpl_tech;puede bajar app appgallery huawei;1765;0;1;0;1
153687112721304;Wed Jun 15 00:40:05 +0000 2022;pisapapeles;huawei p sma descubieo filtrado diseño  características;11231;0;0;0;0
153686802566793;Wed Jun 15 00:27:45 +0000 2022;PrensaInnova;huawei p verdad mal zoom carajo pasa meterlo aunque móvil mano mueve cámara parece va tuktuk tailandés probé zoom;1178;0;1;0;1
153686768397884;Wed Jun 15 00:26:24 +0000 2022;AdryHuaw;quiere contribuir computación cuántica;21;0;0;0;0
153686733211036;Wed Jun 15 00:25:00 +0000 2022;AquiLoMire;huawei matepad huawei m pencil crea edita trabaja cómodamente cualquier momento conoce;85332;0;0;0;0
153686462631445;Wed Jun 15 00:14:15 +0000 2022;transmediachile;hola víctor efectivamente actualmente citibanamex móvil aún disponible uso nuevos dispositivos huawei embargo podrás continuar realizando operaciones bancanet;42554;0;1;0;1
153686426566309;Wed Jun 15 00:12:49 +0000 2022;Revolucion_Web;siguen app huawei así usuarios marca podemos acceder servicios promociones dicha plataforma cosa lamentable;59;0;1;0;1
153686363621963;Wed Jun 15 00:10:19 +0000 2022;ivoimovich;gracias team orión gran trabajo ópticas schilling agradecidos confianza huawei cloud;1472;0;0;0;0
153686179591843;Wed Jun 15 00:03:00 +0000 2022;Visortecno;entiendo samsung pocket nsq podia controlar aire app huawei p permite hacer crj;107;0;1;0;1
153686108509724;Wed Jun 15 00:00:10 +0000 2022;HuaweiMobileMx;hola entendemos puedes reproducir contenido dispositivo huawei aquí dejamos información ayudará atentos dudas comentarios mm;197858;0;1;0;1
15368593811989;Tue Jun 14 23:53:24 +0000 2022;Citibanamex;ganas dar curso básico aprendan usar cámara cel pueden hacer muchas maravillas entendiendo funciones gustaría tomé celular primera motorola da huawei;427474;0;0;0;0
153685714469953;Tue Jun 14 23:44:31 +0000 2022;vicvalenciamx;dos moviles sido huawei verdad ido bien voy peinar bien mercado ver encuentro;431;0;1;0;1
153685582485693;Tue Jun 14 23:39:16 +0000 2022;fcoquijano;paila comprar celular últimos modelos huawei servicios google;208;0;0;0;0
153685523455067;Tue Jun 14 23:36:55 +0000 2022;xiliwilix;chine xiaomi huawei x peng alibaba oppo lenovo etc toyota est japonais;531;0;1;0;1
15368542461168;Tue Jun 14 23:33:00 +0000 2022;HBOMaxSoporte;mismo problema huawei mate pad pro puedo ver solución;38199;0;0;0;0
153685399315832;Tue Jun 14 23:31:59 +0000 2022;Toust_;hola sindy gracias contactar huawei si gustas puedes enviarnos mensaje directo medio brindae atención cliente servie;150;0;0;0;0
153684977336124;Tue Jun 14 23:15:13 +0000 2022;sofiaa09_;pronto vendedor desarrollador autos;165;0;0;0;0
153684976561866;Tue Jun 14 23:15:12 +0000 2022;OfDurel;hola sindy gracias escribir huawei favor envíanos mensaje directo brindae asistencia necesaria   quedamos atentos mensaje;6;0;0;0;0
153684856610632;Tue Jun 14 23:10:26 +0000 2022;candre76arias;vivo aquí compré mala experiencia equipo después cambié huawei años p pro perro apenas año lleva vivo telcel xd;769;1;1;0;3
153683813045149;Tue Jun 14 22:28:58 +0000 2022;acagudelo;empresas chinas relacionadas régimen comunista chino estafaron perú;2031;0;0;0;0
153683806916844;Tue Jun 14 22:28:43 +0000 2022;caudiarg;ceremonia puente chino perdiste transmisión directo ceremonia puente chino preocupes acá dejamos link veas;64;0;0;0;0
153683693414801;Tue Jun 14 22:24:12 +0000 2022;Eja97Mr;esq huawei p lite hace menos mes estrelló pantalla cambiado vez iba agarrar cuestion dije agarro iphone rato q puedo conseguir cel;197;0;1;0;1
153683688728501;Tue Jun 14 22:24:01 +0000 2022;ejutv;quito firmó memorando entendimiento fin oficializar compromiso impulsar transición energética limpia entérate;25708;0;0;0;0
153683461705918;Tue Jun 14 22:15:00 +0000 2022;notasbit;celular huawei cayó veces lastimó nunca hoy triste;308;0;0;0;0
15368302734129;Tue Jun 14 21:57:44 +0000 2022;TCJ39;huawei p pro nuevo smaphone insignia huawei llegará pronto panamá;35;0;0;0;0
153682836320093;Tue Jun 14 21:50:09 +0000 2022;ConfucioUST;recomendable vista;2438;0;0;0;0
153682831359908;Tue Jun 14 21:49:57 +0000 2022;RitsuSoraCEO;huawei p pro new edition servicios  google;263;1;1;0;3
153682761276446;Tue Jun 14 21:47:10 +0000 2022;HuaweiLatam;gracias paolo giovanni pic excelente huawei fit;85305;1;1;0;3
153682381558134;Tue Jun 14 21:32:05 +0000 2022;VidaDigital;gusta funda silicon suave huawei;8735;0;0;0;0
153682351746281;Tue Jun 14 21:30:54 +0000 2022;buriker;“twitter for android” jajajajajajaajajajjajajjajajjajaajajajajaj sigue twitteando xiaomi huawei rey saludos;326;0;1;0;1
153681835356994;Tue Jun 14 21:10:22 +0000 2022;BdOferta;cuéntanos necesidades diremos cuál huawei nova diseñado;687;0;0;0;0
153681729208397;Tue Jun 14 21:06:09 +0000 2022;mundoenlinea;“ innovación corazón comercial ” enfatizó liu hua directora china reconocer esfuerzos continuos impulsar lee;621;0;0;0;0
153681664871125;Tue Jun 14 21:03:36 +0000 2022;HONDURASINFORM5;vi first kill buenas críticas empecé ver parece historia lesbianas vampiros sacada wattpad mencionar filmada oo haces cámara huawei queda mejor;5;1;1;0;3
153681624815516;Tue Jun 14 21:02:00 +0000 2022;HONDURASINFORM5;regalaron audífonos compatibles huawei recién cambié teléfono samsung creí iba tener vender audífonos rehusaba dio alguien impoante sentí deshacerme pae hoy fin pude vincular fin;5;0;0;0;0
153681477062779;Tue Jun 14 20:56:08 +0000 2022;HONDURASINFORM5;okaputa mante huawei i veo paido veo;5;0;0;0;0
153681357714688;Tue Jun 14 20:51:24 +0000 2022;ITsellerNews;carrera empresa invita comunidad universitaria inscribirse cursos gratuitos viuales “huawei movile services” si interesado comunícate correo vtixilima edu ec;1040;0;0;0;0
153681198832356;Tue Jun 14 20:45:05 +0000 2022;_hidalgovv;sacaba lindas fotos luna huawei;64;1;1;0;3
153681102759724;Tue Jun 14 20:41:16 +0000 2022;Ursiss;disfruta contenidos favoritos renovada plataforma descarga ingresa comienza ver ofrecee;594;0;1;0;1
153681074746807;Tue Jun 14 20:40:09 +0000 2022;LeguiNatty;veo emoji amor huawei;11171;0;0;0;0
153680986296076;Tue Jun 14 20:36:38 +0000 2022;upsalesiana;hace años q metió huawei luego demás así astrofotografía ser campo abieo;22029;0;1;0;1
153680819346397;Tue Jun 14 20:30:00 +0000 2022;Pixelania;pae entendimos mal si van descansar grupo shows entrevistas música mv van separar van hacer ningún tipo actividad juntos tocará verlos publi huawei ejemplo ahre;88807;0;0;0;0
153680429534926;Tue Jun 14 20:14:31 +0000 2022;dam_jdm;huawei hacia alguna innovación;551;1;1;0;3
153678575340082;Tue Jun 14 19:00:50 +0000 2022;InfoElvalluno;huawei ys nuevo teléfono gama media incluye servicios  google;292;0;1;0;1
153677991310943;Tue Jun 14 18:37:37 +0000 2022;Revolucion_Web;guerra económica eu vs china metían aranceles respirar desastre red g huawei pandemia independiente número contagios fallecidos freno cadenas valor;59;0;0;0;0
153677942310974;Tue Jun 14 18:35:41 +0000 2022;JmnzJorge;huawei años atrás jajajaj;1357;1;1;0;3
15367790772768;Tue Jun 14 18:34:18 +0000 2022;HuaweiMobileMx;huawei compensó clientes afectados hot sale profeco;197858;0;0;1;2
153677673510189;Tue Jun 14 18:25:00 +0000 2022;ABCNoticiasMX;jaera chinos celulares buenos sé cuál reemplazar huawei nova t;60927;1;1;0;3
153677391512049;Tue Jun 14 18:13:47 +0000 2022;Revolucion_Web;obtén velocidad transmisión tarjetas capacidad reenvío t slot switches modulares huawei cotiza solución networking aquí;59;0;0;0;0
153677237688444;Tue Jun 14 18:07:41 +0000 2022;TecnoBitOficial;uso huawei camarada;770;1;1;0;3
153676478103786;Tue Jun 14 17:37:30 +0000 2022;rincon_tec;huawei utn firmaron convenio marco colaboración;13;0;0;0;0
153676418425971;Tue Jun 14 17:35:07 +0000 2022;ValerieDiazV;hola sabes si app calendario;80;0;1;0;1
153675797192495;Tue Jun 14 17:10:26 +0000 2022;SemBariloche;– huawei utn firmaron convenio marco colaboración;36;0;0;0;0
153675596288256;Tue Jun 14 17:02:27 +0000 2022;PredicatorM;si modelo teléfono huawei pues si jalan bien;190;1;1;0;3
15367556011828;Tue Jun 14 17:01:01 +0000 2022;ClaroPanama;mamado teléfono nunca funciona manera correcta demora tener facilidad decirle adiós huawei voy guardar teléfono señor regalo;121403;0;1;0;1
153675524575749;Tue Jun 14 16:59:36 +0000 2022;mauri_labs;llévate nexsys rewards huawei compras ceificaciones premios conoce detalles aquí;12;0;0;0;0
153675443591683;Tue Jun 14 16:56:23 +0000 2022;santrex_231;general;32;0;0;0;0
15367544085701;Tue Jun 14 16:56:17 +0000 2022;rivaldo__dp;si enteran huawei mate pro saca así fabricó hace años caen culo;89;1;1;0;3
153675133243406;Tue Jun 14 16:44:03 +0000 2022;NexsysPeru;compatibilidad huawei apps usar dos apps ver tarjeta checar saldo lentitud extrema ir banco hacer muchas cosas podrían hacerse múltiples apps;668;0;1;0;1
153675076710903;Tue Jun 14 16:41:48 +0000 2022;m_matambs;– huawei utn firmaron convenio marco  colaboración;1;0;0;0;0
15367500793647;Tue Jun 14 16:39:05 +0000 2022;Luchofede89;forma acabar huawei vía;187;1;1;0;3
153674623721867;Tue Jun 14 16:23:48 +0000 2022;arielmcorg;voy comprar iphone pantalla huawei prime;4794;1;1;0;3
153674609350503;Tue Jun 14 16:23:14 +0000 2022;nicosangomez;alguien comprado recientemente smaphone huawei sirven servicios google;447;0;1;0;1
153674499830096;Tue Jun 14 16:18:53 +0000 2022;AdriMelchionna;huawei p plus pro especialidad fotografiar objetos lejanos años después vino samsung aunque precio astronómico trabajo equipo sobrino sacó foto m;484;1;1;0;3
153674109906203;Tue Jun 14 16:03:23 +0000 2022;ElPatagonNET;ayuda huawei p uso app ver hbo max tiempo días empieza fallar termina volviendo loco celular funcionar demás app celu incluso llamadas única solucion borrar hbo;58;0;1;0;1
153673500087956;Tue Jun 14 15:39:10 +0000 2022;Conimarianaa;tremendo celu apenas huawei;243;0;1;0;1
153673414276282;Tue Jun 14 15:35:45 +0000 2022;esfera_android;huawei preparando huawei matepad pro nueva generación tablet podría mejorar puntos clave [+ info;1214;0;0;0;0
153673346925817;Tue Jun 14 15:33:04 +0000 2022;VendeTuCel;gente tuitera andamos manejando huawei watch fit rosa venta meses uso prácticamente nuevo entrega caja cable cargar correa originales bueno bonito barato;924;0;0;0;0
153673270550068;Tue Jun 14 15:30:02 +0000 2022;pibedecap;allí moto huawei alta gama puede faltar mano;2186;1;1;0;3
153673131164529;Tue Jun 14 15:24:30 +0000 2022;chicasicodelica;nueva tablet huawei camino filtra huawei matepad pro;145;0;0;0;0
153672969793725;Tue Jun 14 15:18:05 +0000 2022;ChernobyII;nueva tablet camino filtra matepad pro;3109;0;0;0;0
153672968363467;Tue Jun 14 15:18:02 +0000 2022;USBINFORMATICSC;problemas todas formas conecta través aplicación huawei salud ahí gestiona;1177;1;1;0;3
153672938786471;Tue Jun 14 15:16:51 +0000 2022;HuaweiEmpresas;nueva tablet huawei camino filtra huawei matepad pro español;9238;0;0;0;0
153672797556723;Tue Jun 14 15:11:15 +0000 2022;Marco_Costas;hecho huawei hacía samsung bueno;1165;1;1;0;3
153672759810484;Tue Jun 14 15:09:45 +0000 2022;DailyNews79;nueva tablet huawei camino filtra huawei matepad pro;100;0;0;0;0
153672590078748;Tue Jun 14 15:03:00 +0000 2022;Visortecno;menos mal huawei gspace queda full android;107;1;1;0;3
153671805217934;Tue Jun 14 14:31:49 +0000 2022;CIOMexico;huawei cumple perfectamente requisitos luego jugar rato aparece efootball responde luego cierra;6902;0;1;0;1
15367147144572;Tue Jun 14 14:18:33 +0000 2022;ManuelJCastill5;huawei mejores audífonos mundo justo decido volver comprarlos sacan mercado gustan ninguno buds mercado;157;1;1;0;3
153671443559056;Tue Jun 14 14:17:26 +0000 2022;9morales9;recomiendo da mucha lata modelos huawei parecidos jalan bien cámara mejor posición;757;1;1;0;3
153671432302806;Tue Jun 14 14:17:00 +0000 2022;pajarongutierre;viernes concieo wisin yandel personas robó celular si ahí ven huawei p leica ofrece avisan si ayuda cel pae trasera sopoe magnético foto gastado;1883;0;0;0;0
153671421551546;Tue Jun 14 14:16:34 +0000 2022;soncard76;mayo firmó acuerdo “confidencial” explorar proyectos “ciudades inteligentes” acusada varios países europeos violación restricciones comerciales;593;0;0;0;0
153671378358176;Tue Jun 14 14:14:51 +0000 2022;LautaaUY;preciazo michark concentrador adaptador usb c hdmi kpueo thunderbolt power delivery w pueo usb lector tarjetas sd tfde g macbook huawei matebook dell xps tableta cupón usbhubc precio ofea;2;0;0;0;0
153671362702526;Tue Jun 14 14:14:14 +0000 2022;SkillBones;cuñado pasó mismo mejor huawei watch sale barato reparación;553;1;1;0;3
153671070951773;Tue Jun 14 14:02:38 +0000 2022;wowquechollos;cualquier xiaomi huawei aunque pasen años siguen funcionando fuidez;1385;1;1;0;3
1536700524288;Tue Jun 14 13:22:10 +0000 2022;ShopParaTi;próximos lanzamientos huawei prometen ser éxito universo  wearables;6;0;0;0;0
153669919123322;Tue Jun 14 13:16:52 +0000 2022;supergeekcl;si necesitas servicios google aunque puedes disfrutar mayoría través navegador cámara huawei p pro buena;3402;1;1;0;3
153669551077342;Tue Jun 14 13:02:14 +0000 2022;topdescuentostg;aquí paramos buscar batería externa mah v power bank usb c led patalla bateria poatil charmast ultra slim powerbank compatible iphone x samsung s s huawei ipad lg;95;0;0;0;0
153668742531713;Tue Jun 14 12:30:07 +0000 2022;el_ofertador;llegó venta nocturna aniversario office depot laptop huawei matebook gb solo además meses intereses compra tienda consulta restricciones válido junio;14155;0;0;0;0
153668738141125;Tue Jun 14 12:29:56 +0000 2022;UrbanTecno;zoom x x todas formas teléfonos mejor calidad tipo fotos huawei modo dedicado pixel modo astrofotografia;87325;1;1;0;3
153668154974315;Tue Jun 14 12:06:46 +0000 2022;OfficeDepotMex;parpadea dos veces si siendo brainwashed gobierno chino mediante huawei;58463;0;0;0;0
153668065995538;Tue Jun 14 12:03:14 +0000 2022;ascano_y;g teléfonos inteligentes huawei solución simple puede utilizar  equipos;155;0;0;0;0
153667855956096;Tue Jun 14 11:54:53 +0000 2022;laguiadelchollo;poátil huawei tira precio mínimo pantalla fullview gb ssd menos euros;473;0;0;0;0
153667758493469;Tue Jun 14 11:51:00 +0000 2022;PDD20;hola cualquier huawei lanzado mayo servicios google trae tienda apps google play sugería publicar app huawei appgallery requiere adaptación mínima ht;3394;0;1;0;1
153666671594945;Tue Jun 14 11:07:49 +0000 2022;Revolucion_Web;huawei watch d avance tecnología reloj inteligente mide presión aerial;59;0;0;0;0
153653000000000;Tue Jun 20 01:55:56 +0000 2022;pruebaTrainDummy;compré huawei linea llegó rapido casa satisfecho verdad;1;1;0;1;4
153653000000000;Tue Jun 20 01:55:56 +0000 2022;pruebaTrainDummy;huawei nova ligero dura pila diseño bonito;1;1;1;0;3
153653000000000;Tue Jun 20 01:55:56 +0000 2022;pruebaTrainDummy;camara huawei nova buena;1;1;1;0;3
153653000000000;Tue Jun 20 01:55:56 +0000 2022;pruebaTrainDummy;caido huawei p lite nunca pasado intacto funciona bien;1;1;1;0;3
153653000000000;Tue Jun 20 01:55:56 +0000 2022;pruebaTrainDummy;juego cod p llite graficos ven bien;1;1;1;0;3
153653000000000;Tue Jun 20 01:55:56 +0000 2022;pruebaTrainDummy;mayoria aplicaciones huawei necesidad terceros solo creo acceso directo funcionan bien;1;1;1;0;3
153653000000000;Tue Jun 20 01:55:56 +0000 2022;pruebaTrainDummy;app bancomer si funcionado huawei;1;1;1;0;3
153653000000000;Tue Jun 20 01:55:56 +0000 2022;pruebaTrainDummy;free buds huawei buenos baratos dura pila tiempo suenan bien;1;1;1;0;3
153653000000000;Tue Jun 20 01:55:56 +0000 2022;pruebaTrainDummy;carga rapida huawei nova buena;1;1;1;0;3
153653000000000;Tue Jun 20 01:55:56 +0000 2022;pruebaTrainDummy;servicio correo huawei puede sincronizar gmail llegan todas notificaciones gmail telefono;1;1;1;0;3
153653000000000;Tue Jun 20 01:55:56 +0000 2022;pruebaTrainDummy;whatsapp problemas huawei p lite;1;1;1;0;3
153653000000000;Tue Jun 20 01:55:56 +0000 2022;pruebaTrainDummy;jugado pug mobile nova ningun problema;1;1;1;0;3
153653000000000;Tue Jun 20 01:55:56 +0000 2022;pruebaTrainDummy;camara huawei mate pro buen zoom definición gusta;1;1;1;0;3
153653000000000;Tue Jun 20 01:55:56 +0000 2022;pruebaTrainDummy;pensé tener huawei estaria limitado verdad lograddo tener mismas funcionalidades android;1;1;1;0;3
153653000000000;Tue Jun 20 01:55:56 +0000 2022;pruebaTrainDummy;igualmente utilizo servicio nube huwei tambien bueno servicio bloqueo rastreo caso robo;1;1;1;0;3
153653000000000;Tue Jun 20 01:55:56 +0000 2022;pruebaTrainDummy;servicio tienda huawei tambien pueden facturar buenos descuentos;1;1;0;1;4
153653000000000;Tue Jun 20 01:55:56 +0000 2022;pruebaTrainDummy;pedi pantalla huawei pagina huawei llegó super rapido;1;1;0;1;4
153653000000000;Tue Jun 20 01:55:56 +0000 2022;pruebaTrainDummy;cayó celular si aguantó huawei p lite;1;1;1;0;3
153653000000000;Tue Jun 20 01:55:56 +0000 2022;pruebaTrainDummy;despues dos años sigue durando bien bateria huawei;1;1;1;0;3
153653000000000;Tue Jun 20 01:55:56 +0000 2022;pruebaTrainDummy;bocina huawei buena graves suenan bien;1;1;1;0;3
153653000000000;Tue Jun 20 01:55:56 +0000 2022;pruebaTrainDummy;armé pantalla huawei curva jugar assetto corsa ve bien;1;1;1;0;3
153653000000000;Tue Jun 20 01:55:56 +0000 2022;pruebaTrainDummy;bueno servicio cliente tienda huawei;1;1;0;1;4
153653000000000;Tue Jun 20 01:55:56 +0000 2022;pruebaTrainDummy;pesar tener tal aplicaciones comodo huawei;1;1;1;0;3
153653000000000;Tue Jun 20 01:55:56 +0000 2022;pruebaTrainDummy;super rapido servicio linea huawei;1;1;0;1;4
153653000000000;Tue Jun 20 01:55:56 +0000 2022;pruebaTrainDummy;buenas promociones huawei arme celular smawatch;1;1;0;1;4
153653000000000;Tue Jun 20 01:55:56 +0000 2022;pruebaTrainDummy;llegó rapido pedido huawei compré directo tienda;1;1;0;1;4
153653000000000;Tue Jun 20 01:55:56 +0000 2022;pruebaTrainDummy;compré huawei linea llegó rapido casa satisfecho verdad;1;1;0;1;4
153653000000000;Tue Jun 20 01:55:56 +0000 2022;pruebaTrainDummy;huawei nova ligero dura pila diseño bonito;1;1;1;0;3
153653000000000;Tue Jun 20 01:55:56 +0000 2022;pruebaTrainDummy;camara huawei nova buena;1;1;1;0;3
153653000000000;Tue Jun 20 01:55:56 +0000 2022;pruebaTrainDummy;caido huawei p lite nunca pasado intacto funciona bien;1;1;1;0;3
153653000000000;Tue Jun 20 01:55:56 +0000 2022;pruebaTrainDummy;juego cod p llite graficos ven bien;1;1;1;0;3
153653000000000;Tue Jun 20 01:55:56 +0000 2022;pruebaTrainDummy;mayoria aplicaciones huawei necesidad terceros solo creo acceso directo funcionan bien;1;1;1;0;3
153653000000000;Tue Jun 20 01:55:56 +0000 2022;pruebaTrainDummy;app bancomer si funcionado huawei;1;1;1;0;3
153653000000000;Tue Jun 20 01:55:56 +0000 2022;pruebaTrainDummy;free buds huawei buenos baratos dura pila tiempo suenan bien;1;1;1;0;3
153653000000000;Tue Jun 20 01:55:56 +0000 2022;pruebaTrainDummy;carga rapida huawei nova buena;1;1;1;0;3
153653000000000;Tue Jun 20 01:55:56 +0000 2022;pruebaTrainDummy;servicio correo huawei puede sincronizar gmail llegan todas notificaciones gmail telefono;1;1;1;0;3
153653000000000;Tue Jun 20 01:55:56 +0000 2022;pruebaTrainDummy;whatsapp problemas huawei p lite;1;1;1;0;3
153653000000000;Tue Jun 20 01:55:56 +0000 2022;pruebaTrainDummy;jugado pug mobile nova ningun problema;1;1;1;0;3
153653000000000;Tue Jun 20 01:55:56 +0000 2022;pruebaTrainDummy;camara huawei mate pro buen zoom definición gusta;1;1;1;0;3
153653000000000;Tue Jun 20 01:55:56 +0000 2022;pruebaTrainDummy;pensé tener huawei estaria limitado verdad lograddo tener mismas funcionalidades android;1;1;1;0;3
153653000000000;Tue Jun 20 01:55:56 +0000 2022;pruebaTrainDummy;igualmente utilizo servicio nube huwei tambien bueno servicio bloqueo rastreo caso robo;1;1;1;0;3
153653000000000;Tue Jun 20 01:55:56 +0000 2022;pruebaTrainDummy;servicio tienda huawei tambien pueden facturar buenos descuentos;1;1;0;1;4
153653000000000;Tue Jun 20 01:55:56 +0000 2022;pruebaTrainDummy;pedi pantalla huawei pagina huawei llegó super rapido;1;1;0;1;4
153653000000000;Tue Jun 20 01:55:56 +0000 2022;pruebaTrainDummy;cayó celular si aguantó huawei p lite;1;1;1;0;3
153653000000000;Tue Jun 20 01:55:56 +0000 2022;pruebaTrainDummy;despues dos años sigue durando bien bateria huawei;1;1;1;0;3
153653000000000;Tue Jun 20 01:55:56 +0000 2022;pruebaTrainDummy;bocina huawei buena graves suenan bien;1;1;1;0;3
153653000000000;Tue Jun 20 01:55:56 +0000 2022;pruebaTrainDummy;armé pantalla huawei curva jugar assetto corsa ve bien;1;1;1;0;3
153653000000000;Tue Jun 20 01:55:56 +0000 2022;pruebaTrainDummy;bueno servicio cliente tienda huawei;1;1;0;1;4
153653000000000;Tue Jun 20 01:55:56 +0000 2022;pruebaTrainDummy;pesar tener tal aplicaciones comodo huawei;1;1;1;0;3
153653000000000;Tue Jun 20 01:55:56 +0000 2022;pruebaTrainDummy;super rapido servicio linea huawei;1;1;0;1;4
153653000000000;Tue Jun 20 01:55:56 +0000 2022;pruebaTrainDummy;buenas promociones huawei arme celular smawatch;1;1;0;1;4
153653000000000;Tue Jun 20 01:55:56 +0000 2022;pruebaTrainDummy;tienda huawei estafó;1;0;0;1;2
153653000000000;Tue Jun 20 01:55:56 +0000 2022;pruebaTrainDummy;compré tienda linea huawei respetaron descuentos;1;0;0;1;2
153653000000000;Tue Jun 20 01:55:56 +0000 2022;pruebaTrainDummy;huawei pura estafa compré linea cancelaron compras;1;0;0;1;2
153653000000000;Tue Jun 20 01:55:56 +0000 2022;pruebaTrainDummy;nunca llegó producto sigo esperando reenbolso;1;0;0;1;2
153653000000000;Tue Jun 20 01:55:56 +0000 2022;pruebaTrainDummy;llegó producto pedi tienda huawei;1;0;0;1;2
153653000000000;Tue Jun 20 01:55:56 +0000 2022;pruebaTrainDummy;tienda huawei respetó descuento llegó producto adicional;1;0;0;1;2
153653000000000;Tue Jun 20 01:55:56 +0000 2022;pruebaTrainDummy;pedi pantalla tienda huawei tardó demasiado casi mes;1;0;0;1;2
153653000000000;Tue Jun 20 01:55:56 +0000 2022;pruebaTrainDummy;camara huawei basura filtros colores exagerados;1;0;1;0;1
153653000000000;Tue Jun 20 01:55:56 +0000 2022;pruebaTrainDummy;camara huawei modo retrato basura recoa silueta aveces reconoce brazos;1;0;1;0;1
153653000000000;Tue Jun 20 01:55:56 +0000 2022;pruebaTrainDummy;camara huawei buena satura colores;1;0;1;0;1
153653000000000;Tue Jun 20 01:55:56 +0000 2022;pruebaTrainDummy;huawei p lite repente apaga malo;1;0;1;0;1
153653000000000;Tue Jun 20 01:55:56 +0000 2022;pruebaTrainDummy;camara huawei funciona bien noche;1;0;1;0;1
153653000000000;Tue Jun 20 01:55:56 +0000 2022;pruebaTrainDummy;huawei calienta demasiado;1;0;1;0;1
153653000000000;Tue Jun 20 01:55:56 +0000 2022;pruebaTrainDummy;colores fotos huawei estan saturados malos;1;0;1;0;1
153653000000000;Tue Jun 20 01:55:56 +0000 2022;pruebaTrainDummy;contento huawei colores estan saturados;1;0;1;0;1
155237976078913;Wed Jul 27 19:45:51 +0000 2022;unamushasha;si huawei varian datos ejemplo dice dormi xd;2088;0;1;1;5
15523789805773;Wed Jul 27 19:42:45 +0000 2022;Andre_Villalba;buen teléfono huawei android malo so propietary emui juega matar google;358;1;1;0;3
155237713161064;Wed Jul 27 19:35:24 +0000 2022;loboalonsotegui;llevo huawei pesar fallos mu tontos ahí sigue cabrón;132;1;1;0;3
153653000000001;Tue Jun 20 01:55:56 +0000 2022;pruebaTrainDummy;batería huawei dura día uso intenso increíble optimización;1;1;1;0;3
153653000000001;Tue Jun 20 01:55:56 +0000 2022;pruebaTrainDummy;cámaras huawei nivel extraño cámara profesional;1;1;1;0;3
153653000000001;Tue Jun 20 01:55:56 +0000 2022;pruebaTrainDummy;diseño huawei elegante premium sólido mano;1;1;1;0;3
153653000000001;Tue Jun 20 01:55:56 +0000 2022;pruebaTrainDummy;cambié huawei fluidez sistema sorprendió buen trabajo;1;1;1;0;3
153653000000001;Tue Jun 20 01:55:56 +0000 2022;pruebaTrainDummy;cámara nocturna huawei fotos salen brutales;1;1;1;0;3
153653000000001;Tue Jun 20 01:55:56 +0000 2022;pruebaTrainDummy;inteligencia aificial cámara huawei realmente hace diferencia;1;1;1;0;3
153653000000001;Tue Jun 20 01:55:56 +0000 2022;pruebaTrainDummy;modo retrato huawei joya bokeh natural súper definido;1;1;1;0;3
153653000000001;Tue Jun 20 01:55:56 +0000 2022;pruebaTrainDummy;pocos teléfonos ofrecen precio huawei relación calidad precio top;1;1;1;0;3
153653000000001;Tue Jun 20 01:55:56 +0000 2022;pruebaTrainDummy;harmonyos súper intuitivo adapté rapidísimo buen sistema;1;1;1;0;3
153653000000001;Tue Jun 20 01:55:56 +0000 2022;pruebaTrainDummy;huawei hace multitarea placer va rápido lags;1;1;1;0;3
153653000000001;Tue Jun 20 01:55:56 +0000 2022;pruebaTrainDummy;calidad sonido llamadas impecable si lado;1;1;1;0;3
153653000000001;Tue Jun 20 01:55:56 +0000 2022;pruebaTrainDummy;colores pantalla huawei vívidos precisos perfectos ver series;1;1;1;0;3
153653000000001;Tue Jun 20 01:55:56 +0000 2022;pruebaTrainDummy;amo ecosistema huawei cel reloj tablet súper integrados;1;1;1;0;3
153653000000001;Tue Jun 20 01:55:56 +0000 2022;pruebaTrainDummy;llevo años huawei sigue funcionando nuevo;1;1;1;0;3
153653000000001;Tue Jun 20 01:55:56 +0000 2022;pruebaTrainDummy;pesar huawei sigue innovando merece respeto;1;1;1;0;3
153653000000001;Tue Jun 20 01:55:56 +0000 2022;pruebaTrainDummy;centro atención huawei resolvieron minutos servicio;1;1;0;1;4
153653000000001;Tue Jun 20 01:55:56 +0000 2022;pruebaTrainDummy;encanta cómo tratan tienda huawei profesionales amables paciencia;1;1;0;1;4
153653000000001;Tue Jun 20 01:55:56 +0000 2022;pruebaTrainDummy;servicio postventa huawei eficiencia repararon cel días cracks;1;1;0;1;4
153653000000001;Tue Jun 20 01:55:56 +0000 2022;pruebaTrainDummy;huawei escucha cliente repoé fallo dieron solución real gracias;1;1;0;1;4
153653000000001;Tue Jun 20 01:55:56 +0000 2022;pruebaTrainDummy;esperaba atendieran tan bien whatsapp huawei sorprende;1;1;0;1;4
153653000000001;Tue Jun 20 01:55:56 +0000 2022;pruebaTrainDummy;asesores huawei explican apuro agradece atención;1;1;0;1;4
153653000000001;Tue Jun 20 01:55:56 +0000 2022;pruebaTrainDummy;cambiaron pantalla tiempo récord garantía buena experiencia;1;1;0;1;4
153653000000001;Tue Jun 20 01:55:56 +0000 2022;pruebaTrainDummy;huawei envió seguimiento correo pidiera atención real;1;1;0;1;4
153653000000001;Tue Jun 20 01:55:56 +0000 2022;pruebaTrainDummy;quedé cargador tienda huawei apoyaron instante;1;1;0;1;4
153653000000001;Tue Jun 20 01:55:56 +0000 2022;pruebaTrainDummy;trato tienda huawei tan bueno dieron ganas comprar cosas;1;1;0;1;4
153653000000001;Tue Jun 20 01:55:56 +0000 2022;pruebaTrainDummy;pregunté accesorios solo ayudaron dieron tips buenísimo;1;1;0;1;4
153653000000001;Tue Jun 20 01:55:56 +0000 2022;pruebaTrainDummy;atención tienda huawei premium marcas;1;1;0;1;4
153653000000001;Tue Jun 20 01:55:56 +0000 2022;pruebaTrainDummy;huawei olvidó después compra seguimiento vale oro;1;1;0;1;4
153653000000001;Tue Jun 20 01:55:56 +0000 2022;pruebaTrainDummy;garantía salí feliz rápido amable dramas;1;1;0;1;4
153653000000001;Tue Jun 20 01:55:56 +0000 2022;pruebaTrainDummy;atención huawei hace quieras volver así deberían ser todas marcas;1;1;0;1;4
153653000000001;Tue Jun 20 01:55:56 +0000 2022;pruebaTrainDummy;jugando huawei nova lags calentones bien optimizado cel;1;1;1;0;3
153653000000001;Tue Jun 20 01:55:56 +0000 2022;pruebaTrainDummy;nova huawei corre genshin si esperaba;1;1;1;0;3
153653000000001;Tue Jun 20 01:55:56 +0000 2022;pruebaTrainDummy;traba calienta gráficos ven increíbles nova sorprendió;1;1;1;0;3
153653000000001;Tue Jun 20 01:55:56 +0000 2022;pruebaTrainDummy;si buscas cel gamer pagar founa huawei nova opción;1;1;1;0;3
153653000000001;Tue Jun 20 01:55:56 +0000 2022;pruebaTrainDummy;call of duty mobile vuela nova huawei rompió modelo;1;1;1;0;3
153653000000001;Tue Jun 20 01:55:56 +0000 2022;pruebaTrainDummy;smooth va nova pubg gráficos altos;1;1;1;0;3
153653000000001;Tue Jun 20 01:55:56 +0000 2022;pruebaTrainDummy;nova puedo jugar horas batería muera huawei sabe hace;1;1;1;0;3
153653000000001;Tue Jun 20 01:55:56 +0000 2022;pruebaTrainDummy;frames estables juegos pesados nova locura;1;1;1;0;3
153653000000001;Tue Jun 20 01:55:56 +0000 2022;pruebaTrainDummy;pensé gama media nova corriera tan bien juegos;1;1;1;0;3
153653000000001;Tue Jun 20 01:55:56 +0000 2022;pruebaTrainDummy;huawei nova enviciado solo pantalla rendimiento;1;1;1;0;3
153653000000001;Tue Jun 20 01:55:56 +0000 2022;pruebaTrainDummy;nunca pensé iba jugar tan cómodo nova buena compra;1;1;1;0;3
153653000000001;Tue Jun 20 01:55:56 +0000 2022;pruebaTrainDummy;combinación pantalla fluida buen procesador nova ideal gaming;1;1;1;0;3
153653000000001;Tue Jun 20 01:55:56 +0000 2022;pruebaTrainDummy;nova aguantando juegos echo huawei falla;1;1;1;0;3
153653000000001;Tue Jun 20 01:55:56 +0000 2022;pruebaTrainDummy;jugar nova premium gráficos brutales;1;1;1;0;3
153653000000001;Tue Jun 20 01:55:56 +0000 2022;pruebaTrainDummy;huawei lució nova gaming comprometer rendimiento diseño;1;1;1;0;3
