id_str	created_at	screen_name	text	user_followers	sentiment	funcionality	client_attention
153653000000000	Tue Jun 14 01:55:56 +0000 2022	EdgarcueroO	¡Disfruta conmigo de llamadas gratis en @Dingtone! https://t.co/gkL5FcvWtr	5006	0	0	0
153653000000000	Tue Jun 14 01:51:30 +0000 2022	gilcuate	RT @IvanNavaMx: Ayudanos a vender 10 boletos de esta rifa por favor, tenemos que reunir lo de Max y unos estudios de Odin que sigue delicad…	20	0	0	0
153653000000000	Tue Jun 14 01:45:56 +0000 2022	ilovminnie_	me cambie a Huawei y ahora no se cómo entrar a mis cuentas de fanplus te odio Huawei me arruinaste la vida	51	0	1	0
153653000000000	Tue Jun 14 01:14:19 +0000 2022	alexander_tdf	RT @Lauriita18_: NECESITO VUESTRA AYUDA:  Que me recomendáis para hacer IRL (setup) y también fotos para darle más vida al Instagram.  De m…	6	0	0	0
153653000000000	Tue Jun 14 01:06:54 +0000 2022	pablo_calva	"@jere_cob24 @HuaweiMobileMx Yo no :( aún sigo esperando EMUI 11 O 12 en mi nova 5T que gracias a Telcel y su software ""personalizado"" a bloqueado y Huawei solo saben decir ""no podemos hacer nada"" que forma de cuidar a sus clientes"	39	0	1	0
153653000000000	Tue Jun 14 00:30:12 +0000 2022	Zavala_Ra	Huawei podría aportar a la educación superior en Ecuador https://t.co/lV11WjY1iO	7006	0	0	0
153653000000000	Tue Jun 14 00:28:08 +0000 2022	coosti_b	será este el fin del huawei GW?	250	0	1	0
153653000000000	Mon Jun 13 23:53:43 +0000 2022	eveemtz_	@MAULvc7 Me resistiré lo mas que pueda, hasta que mi huawei de sus últimas ??	34	0	0	0
153653000000000	Mon Jun 13 23:46:33 +0000 2022	blogyarq	@MAULvc7 Es que amo Huawei, tengo el p30 lite pero los actuales no tienen google y eso no me gusta, mi única opción ahora es iphone :((( pero no quiero porque no los sé usar ??	70643	1	1	0
153653000000000	Mon Jun 13 23:44:29 +0000 2022	blogydeco	En estos momentos odio a Huawei??	14568	0	1	0
153653000000000	Mon Jun 13 23:44:27 +0000 2022	eveemtz_	@JustNova111 Se usar windows movie maker y el editor de huawei, es suficiente?	34	1	1	0
153653000000000	Mon Jun 13 23:38:08 +0000 2022	bere_nice_	@autolesivo cuál celular tengo? un huawei p smart o algo así de 2018 o O	42	0	1	0
153653000000000	Mon Jun 13 23:29:15 +0000 2022	ayala13_alfredo	Bien @amazonmex !!! Típico que pagas unos audífonos Huawei de muchísimo más dinero y te mandan unas mascarillas de no sé que madres!!! @medios_profeco @PROFECO_CENTRO qué procede en estos casos!? #siempreesasí? https://t.co/Ert3ad2obX	115	0	0	0
153653000000000	Mon Jun 13 23:16:21 +0000 2022	Alguien97663534	Cómo por 3era vez se me cae el celular al piso cerámico... Huawei es el nuevo ladrillo, no me pasó nada, ni una raya ??	1	1	1	0
153653000000000	Mon Jun 13 23:15:55 +0000 2022	xdxdxdgghj	RT @UsuarioIncomodo: Los clientes son un chiste para Huawei, primero ofrecen una cosa y después se echan para atrás.   Se nota que ni a @Pr…	15	0	0	1
153653000000000	Mon Jun 13 23:05:50 +0000 2022	Recca_Hanabishi	Huawei P30 Pro de 256 GB Negro $400 con su ayuda siempre salimos adelante, mil gracias ?????. #RescateAnimal #IvanNavaMx #CDMX #AdoptaNoCompres #perros #Mexico #PerritosDeLaCalle #RT https://t.co/LIarnDxzjz	174	0	0	0
153653000000000	Mon Jun 13 23:00:09 +0000 2022	HuaweiMobileCo	Ayudanos a vender 10 boletos de esta rifa por favor, tenemos que reunir lo de Max y unos estudios de Odin que sigue delicado, Huawei P30 Pro de 256 GB Negro $400 por favor un boleto hace mucha diferencia ???????? #RT por favor. Abro Hilo ?????? https://t.co/pSgfrThQbs	140650	0	0	0
153653000000000	Mon Jun 13 22:58:55 +0000 2022	KveikurPris	#Patrocinada Tips para lograr #fotos profesionales con tu teléfono #Huawei https://t.co/T4DbFMyF7x	1660	0	0	0
153653000000000	Mon Jun 13 22:52:31 +0000 2022	ferxx17	¿Ustedes creen que es cool trabajar con Huawei? No, amigos, son como la novia que te dice que no sabe a dónde quiere ir a comer y le das opciones y a todas te dice que no. ???? https://t.co/4tzBH8Ykes	559	0	0	1
153653000000000	Mon Jun 13 22:50:20 +0000 2022	La_Republica	??Obtén un rendimiento superior y mejores resultados con los equipos de Huawei. Cotiza con nosotros a: Luis.Laime@Nexsysla.com https://t.co/8OVgLNIZWS	188579	0	0	0
153653000000000	Mon Jun 13 22:46:07 +0000 2022	IvanNavaMx	La tecnología de Huawei hace más fácil para los usuarios el poder cuidar todos los aspectos necesarios de manera inteligente, desde lo físico hasta lo mental. #ContactoEconómico #Huawei #HuaweiSalud #app #bienestar https://t.co/TGdg12uZFg	29111	0	0	0
153653000000000	Mon Jun 13 21:58:02 +0000 2022	topdescuentostg	RT @UsuarioIncomodo: Ya van dos semanas que sigo esperando respuesta de Huawei, prometen cupones y cuando los pides te ignoran por teléfono…	95	0	0	1
153653000000000	Mon Jun 13 21:52:32 +0000 2022	BoliviaNueva1	RT @UsuarioIncomodo: Los clientes son un chiste para Huawei, primero ofrecen una cosa y después se echan para atrás.   Se nota que ni a @Pr…	742	0	0	1
153653000000000	Mon Jun 13 21:36:22 +0000 2022	HuaweiEntMX	Huawei Watch Fit Nueva revisión https://t.co/o0rRzrJ6lg	4139	0	0	0
153653000000000	Mon Jun 13 21:35:49 +0000 2022	RaynerDurango	Me gusta el Samsung galaxy s22 o el Huawei 50. Pero paaaaaabre ?? Cuando trabaje será ??	347	1	1	0
153653000000000	Mon Jun 13 21:23:57 +0000 2022	innersun_	@ifrnb Las dos cosas si pudieran ser regaladas, pues mejor. Sino, pues una pulsera reloj de Xiaomi, Samsung o Huawei, y unos auriculares AriPods de Aliexpress (algo es algo por lo menos)	98	0	0	0
153653000000000	Mon Jun 13 20:57:17 +0000 2022	Muwe7	RT @paosorsha: Desde hace unos días he cambiado a internet Win, sin costo de instalación y con un amplificador de señal de Huawei incluido.…	127	0	0	0
153653000000000	Mon Jun 13 20:40:04 +0000 2022	Zicutake	Whatsapp me pide actualización de versión pero, según yo, todavía no esta disponible la apk.  No compren Huawei sin Google Play. https://t.co/C1I1xVrOR4	2017	0	1	0
153653000000000	Mon Jun 13 20:32:37 +0000 2022	peruenlanoticia	Contra la lógica sigo ocupando voz a texto que escribe cualquier hueva, se come palabras o las cambia por otras fonéticamente similares. Ya no es culpa de Huawei, es de quien insiste.  :v https://t.co/60Trlc1S6O	56201	0	1	0
153653000000000	Mon Jun 13 20:16:22 +0000 2022	TransMilenio	@angelarubii_ Xiaomi y Huawei son muy invasivos con sus apps.	1974596	0	1	0
153653000000000	Mon Jun 13 19:43:08 +0000 2022	HuaweiMobileMx	No te preocupes, también puedes inscribirte como Huawei Developer para que puedas asistir a Webinars donde expertos nos estarán comentando sobre su experiencia en el desarrollo de APPS. Además, estaremos sorteando 5 Watch Fit entre todos los inscritos. https://t.co/a2B0rSOqFr	197869	0	0	0
153653000000000	Mon Jun 13 19:42:53 +0000 2022	Tecnohaus	La condición es que la APP tenga integrada servicios móviles de Huawei, y que funcione en un dispositivo móvil de la marca. https://t.co/taOuhmr603	8317	0	0	0
153653000000000	Mon Jun 13 19:22:13 +0000 2022	TrwDmch	@ushcala Por otra parte, el tema de la seguridad e integridad y utilización de los datos definitivamente es algo que debe regularse, esto es una necesidad a nivel mundial, mientras el INEC analiza el estado económico de la población, google, HUAWEI apple,	5	0	0	0
153653000000000	Mon Jun 13 19:21:07 +0000 2022	cuscatlanmarket	RT @UsuarioIncomodo: Ya van dos semanas que sigo esperando respuesta de Huawei, prometen cupones y cuando los pides te ignoran por teléfono…	30	0	0	1
153653000000000	Mon Jun 13 19:20:36 +0000 2022	karinardgz_	RT @UsuarioIncomodo: Los clientes son un chiste para Huawei, primero ofrecen una cosa y después se echan para atrás.   Se nota que ni a @Pr…	378	0	0	1
153653000000000	Mon Jun 13 19:15:00 +0000 2022	tmasnews	RT @NiusGeekCom: Reseña del Watch Kids 4 Pro: Huawei apuesta por el control parental, pero descuida el tamaño https://t.co/x3PQaz8WE8	540	0	0	0
153653000000000	Mon Jun 13 19:11:46 +0000 2022	racor12	RT @dpl_news: #DPLNews ?? Jefes de Estado firman Agenda Digital en Cumbre de las Américas   Altán Redes “ya es de la nación”: AMLO - https:/…	3	0	0	0
153653000000000	Mon Jun 13 19:06:34 +0000 2022	Juankchs	#DPLNews ?? Jefes de Estado firman Agenda Digital en Cumbre de las Américas   Altán Redes “ya es de la nación”: AMLO - https://t.co/1rJVnhsvyO https://t.co/Oeu1WHCAMq	311	0	1	0
153653000000000	Mon Jun 13 18:23:25 +0000 2022	Mjurana2	RT @Locuras_del_ing: #HuaweiNoCumple ya llevo 9 días de mi cancelación de mis monitores y no veo alguna solución por parte de Huawei, prome…	61	0	0	1
153653000000000	Mon Jun 13 18:21:13 +0000 2022	abiabam7	RT @UsuarioIncomodo: Ya van dos semanas que sigo esperando respuesta de Huawei, prometen cupones y cuando los pides te ignoran por teléfono…	434	0	0	1
153653000000000	Mon Jun 13 18:15:31 +0000 2022	chollosyoferta	@daniospi_1 ¡Hola! Nos encanta tu comentario, esperamos que sigas compartiendo tu experiencia Huawei con toda nuestra comunidad ¡Gracias por tu preferencia! ??	2481	0	0	0
153653000000000	Mon Jun 13 18:11:56 +0000 2022	HuaweiLatam	RT @UsuarioIncomodo: Los clientes son un chiste para Huawei, primero ofrecen una cosa y después se echan para atrás.   Se nota que ni a @Pr…	85310	0	0	1
153653000000000	Mon Jun 13 18:08:42 +0000 2022	Toxyc_Gentleman	Características que debemost tener en cuenta al momento de comprar Smartphones de gama premium. #MWC22  @Huawei  https://t.co/yLZqOdGSfx	248	0	0	0
153653000000000	Mon Jun 13 18:05:05 +0000 2022	edavmg	Llévate un Huawei #Nova9SE con #Amigokit  y recibe gigas para navegar con papá en la red de #Telcel.  ??????????  ??   Consulta términos y condiciones en ?? https://t.co/tBunjNn0F3 https://t.co/s3sbA4oyjt	2	0	0	0
153653000000000	Mon Jun 13 18:04:13 +0000 2022	edavmg	Goey pinche samsung, duró más mi relación más reciente que la carga de tu la pila. Extraño mi Huawei.	2	1	1	0
153653000000000	Mon Jun 13 18:00:49 +0000 2022	grekap	RT @peregringifs: Belinda es imagen para Huawei Mobile Mx. https://t.co/wscVdXa4cX	5495	0	0	0
153653000000000	Mon Jun 13 18:00:05 +0000 2022	bekiaes	@angelarubii_ Si usas las app de Google, te aconsejo que no compres HUAWEI, nada amigable con su sistema operativo.	18870	0	1	0
153653000000000	Mon Jun 13 17:51:33 +0000 2022	aunciertopunto	Producto recomendado en Aliexpress dentro del programa de afiliados...  Trípode de teléfono de 40 pulgadas para Xiaomi HUAWEI iPhoen smartphone con control remoto inalámbrico y soporte para teléfono. Trípode ligero de cámara universal Soporte  https://t.co/bRuaGcjRGf	954	0	0	0
153653000000000	Mon Jun 13 17:48:54 +0000 2022	evasarabialopez	RT @SPRMexico: Explora @MxPlayTV, la plataforma del #SPR para #Android, #iOS y #Huawei creada con el objetivo de preservar y difundir los c…	481	0	0	0
153653000000000	Mon Jun 13 17:48:08 +0000 2022	villa2016mx	Parece chiste, pero esta es la razón por la que no compro huawei o xiaomi ?? que me escuchen los gringos y surcoreanos no me preocupa. https://t.co/ctYnhl8TJb	120	0	1	0
153653000000000	Mon Jun 13 17:45:04 +0000 2022	joastorga	RT @UsuarioIncomodo: Los clientes son un chiste para Huawei, primero ofrecen una cosa y después se echan para atrás.   Se nota que ni a @Pr…	568	0	0	1
153653000000000	Mon Jun 13 17:41:42 +0000 2022	atreide73	@ifrnb Ni 24 horas???, madre del señor eso chupa y mucho!!!!! Me estaba pensando en cambiarme al Apple Watch pero me da que voy a seguir con mi Huawei Watch 3, bateria 1 semana y hace lo mismo que el Apple Watch!!!!! Es una pena que Apple no invierta mas 	3182	1	1	0
153653000000000	Mon Jun 13 17:29:54 +0000 2022	maperbim1979	@Karenvgomezm Han no existe una marca perfecta, estás siempre depende de tus necesidades y presupuesto, pero te recomiendo Asus (no sé si escribe así), Huawei y Apple.	353	1	1	0
153653000000000	Mon Jun 13 17:09:04 +0000 2022	Pixelania	Luego de 2 años vuelve Huawei al hogar argentino: qué productos comercializará https://t.co/0Pa2730Px9	88807	0	0	0
153653000000000	Mon Jun 13 17:08:08 +0000 2022	AkiTov900	?? ¡Última llamada! ¿Quieres asistir al conciertazo de Marlon en Madrid?  Te invitamos a su show en La Riviera el 25 de junio. Suscríbete a HUAWEI Music ?? y podrás ganar 2 entradas.  Todo lo que necesitas saber ??   https://t.co/I0HorzwCvY	1073	0	0	0
153653000000000	Mon Jun 13 17:07:39 +0000 2022	Pixelania	Huawei completa en Chile toda su nueva serie P50 https://t.co/f9TuMcvY6H	88807	0	0	0
153653000000000	Mon Jun 13 17:04:02 +0000 2022	TecnoBinaria	RT @Locuras_del_ing: #HuaweiNoCumple ya llevo 9 días de mi cancelación de mis monitores y no veo alguna solución por parte de Huawei, prome…	343	0	0	1
153653000000000	Mon Jun 13 17:00:34 +0000 2022	niko_store	RT @UsuarioIncomodo: Ya van dos semanas que sigo esperando respuesta de Huawei, prometen cupones y cuando los pides te ignoran por teléfono…	122	0	0	1
153653000000000	Mon Jun 13 17:00:23 +0000 2022	iproup	RT @UsuarioIncomodo: Los clientes son un chiste para Huawei, primero ofrecen una cosa y después se echan para atrás.   Se nota que ni a @Pr…	8311	0	0	1
153653000000000	Mon Jun 13 17:00:01 +0000 2022	HuaweiMobileESP	Los clientes son un chiste para Huawei, primero ofrecen una cosa y después se echan para atrás.   Se nota que ni a @Profeco respetan. #HuaweiNoCumple https://t.co/n7RewJYjt9	258982	0	0	1
153653000000000	Mon Jun 13 16:59:14 +0000 2022	ActualidadBotG	Ya van dos semanas que sigo esperando respuesta de Huawei, prometen cupones y cuando los pides te ignoran por teléfono, correos y su chat. Qué horrible que traten así a sus clientes #HuaweiNoCumple	903	0	0	1
153653000000000	Mon Jun 13 15:45:24 +0000 2022	HuaweiMobileCAN	Se te traba un poco el huawei ya comadre, no puedo ver tu fabulosa vida así	9881	0	1	0
153653000000000	Mon Jun 13 15:37:55 +0000 2022	batioscar9	RT @QuieroProZaac: El robo de una MacBook pro mini y un celular Huawei p40lite plateado  así como unos tenis nuevos de caballero en caja ,m…	230	0	0	0
153653000000000	Mon Jun 13 15:29:56 +0000 2022	icelabp	Corre ????? y descubre ?? la experiencia PUBG MOBILE con App Gallery en Huawei #PUBGMxAppGallery  *Promoción válida sólo en Chile* https://t.co/qkSwnCVP6u	306	0	0	0
153653000000000	Mon Jun 13 15:28:53 +0000 2022	MARCIANOPHONE	Me niego a comprar un iPhone ??, amigos conocedores ¿qué Xiaomi o Huawei, en relación con su cámara, saldrá excelente?	319388	1	1	0
153653000000000	Mon Jun 13 15:24:50 +0000 2022	juls_Pc	@fcojalmeidab @Karen_Minda @LeonidasIzaSal1 Bueno,la mayoría de celulares se fabrican en China ( Huawei,incluido Iphones, Xiaomi, lenovo, etc.) a excepción de Samsung que se los fabrica en Asia ( Corea del Sur y Vietnam), ahí se las dejo	5395	0	0	0
153653000000000	Mon Jun 13 14:56:25 +0000 2022	Borre	MateBook E, la nueva laptop convertible de Huawei https://t.co/ElFiKcluvV https://t.co/AvAFQ4MJvL	887	0	0	0
153653000000000	Mon Jun 13 14:40:50 +0000 2022	BogdanYosava	@mamaconstruye @Hedubardo Tengo un Huawei con Android 4 desde 2016. No soporta casi ninguna de las apps de hoy día. Igual, hasta que se pueda, lo mantendré.	1067	0	1	0
153653000000000	Mon Jun 13 14:40:21 +0000 2022	edith55305624	LA UTN FIRMÓ UN CONVENIO MARCO CON LA EMPRESA HUAWEI  ????La UTN y @Huawei firmaron un convenio para conformar una alianza estratégica y coordinar distintas acciones de carácter formativo, pasantías, oportunidades para jóvenes profesionales, entre otras iniciativas. https://t.co/wNNQaIYLDC	0	0	0	0
153653000000000	Mon Jun 13 14:39:39 +0000 2022	rcnmundo	@DIVCreativo Mis primeros curros en fotografía fueron con un huawei p20 pro en un partido político. Con eso lo digo todo.	196251	0	0	0
153653000000000	Mon Jun 13 14:39:34 +0000 2022	rcnmundo	Pues si tiene lo suyo el Maps de Huawei...  ??... https://t.co/xYHm38ujKL	196251	1	1	0
153653000000000	Mon Jun 13 14:39:10 +0000 2022	rcnradio	@_anacampos @Naturalezaymas_ @RodolfoReus Muy padre la foto.. pero creo que pueda tener algo de edición, ya que esa imagen y otras parecidas, se  usaron para publicitar la campaña del P10 de Huawei https://t.co/2L0xacamyu	3291312	1	1	0
153653000000000	Mon Jun 13 14:23:57 +0000 2022	SceuUtn	RT @paosorsha: Desde hace unos días he cambiado a internet Win, sin costo de instalación y con un amplificador de señal de Huawei incluido.…	96	0	0	0
153653000000000	Mon Jun 13 14:13:55 +0000 2022	icabieces	Ya es la segunda vez que mi teléfono sobrevive perfectamente después de caer en agua, primero en una bañera con agua y ayer en un charco de agua. Ha sobrevivo caídas de escaleras incluso, Huawei. Hierba mala nunca muere.	873	1	1	0
153653000000000	Mon Jun 13 14:08:33 +0000 2022	Dr_Oskar	RT @Emprendedores: #Emprendedores   Las emprendedoras debaten sobre gestión del tiempo y salud en los Encuentros con Huawei - https://t.co/…	1052	0	0	0
153653000000000	Mon Jun 13 14:02:07 +0000 2022	EdfraOct	Huawei presenta innovaciones que revolucionarán la IA, 5G y la experiencia de usuario  https://t.co/F8c0CK6g6F   @Huawei https://t.co/xQF0fVl9w5	28	0	0	0
153653000000000	Mon Jun 13 13:59:11 +0000 2022	AdrJS	@HuaweiSpain La palabra es corrupción, la palabra que mejor define a Huawei España @HuaweiSpain	861	0	0	0
153653000000000	Mon Jun 13 13:57:08 +0000 2022	Elena_Estevez	Help alguien que me ayude, mi celular es huawei por lo tanto no tiene servicios de google y pues ahora no puedo entrar a ninguna app de votación si no tengo el servicio, alguien que tenga huawei sabe como puedo poner el servicio a mi celular o que se yo. ?? https://t.co/TbwQqjAedC	504	0	1	0
153653000000000	Mon Jun 13 13:27:58 +0000 2022	autonomadechile	@HuaweiMobileCo cuando habrá una actualización de software para el Huawei Y9 2019 en Latinoamérica?	21836	0	0	0
153653000000000	Mon Jun 13 13:17:56 +0000 2022	caballeronoctu3	Huawei comparte características a tener en cuenta para comprar smartphones de gama premium https://t.co/EyFnSiU0yw	129	0	0	0
153653000000000	Mon Jun 13 13:17:35 +0000 2022	Atilaa27	Huawei patenta Procesador cuántico, Problemas al actualizar a Emui y Pro... https://t.co/b8FVqJCQcT a través de @YouTube	1916	0	0	0
153653000000000	Mon Jun 13 13:12:00 +0000 2022	jenarovillamil	@magicskjn algo bueno de huawei pero a veces con tw se traba	606507	1	1	0
153653000000000	Mon Jun 13 12:29:01 +0000 2022	xatakaseleccion	@AgataaDominguez JAJAJAJAJAJA Lo tengo pero carga 1% cada 30 minutos jajajaja necesito un cargador huawei O R I G I N A L	5053	0	0	0
153653000000000	Mon Jun 13 09:44:11 +0000 2022	alfred06991	Ya me disculpé con Kia porque sí la regañé jsjsjs, claramente le valió tres hectáreas de camote, pero ya hasta la dejé subirse a mi cama a mimir ??  Btw mis respetos a los freebuds de Huawei, qué aguanteeeee tienen, como se me han caído y siguen sonando perrisimo ????	287	1	1	0
153653000000000	Mon Jun 13 07:25:35 +0000 2022	mancku	@HuaweiMobileCo por fin me pude deshacer de ese teléfono inservible Huawei Y9a. Fueron los peores 7 meses de mi vida sin Google. Es tan emocionante volver a tener de todo sin limitaciones.	537	0	1	0
153653000000000	Mon Jun 13 07:25:23 +0000 2022	OfertitasDiaria	Huawei Watch GT 3 Pro: este smartwach ofrece el software HarmonyOS 2 y su precio puede que no esté al alcance de todos los usuarios https://t.co/UDx9su9nMD https://t.co/Z2Mq9FiJF4	711	0	1	0
153653000000000	Mon Jun 13 07:07:00 +0000 2022	computerhoy	@wildriftLATAM  Alguno sabe la solución para este problema , todos los usuarios de Huawei tienen este problema, ya hace meses, porque ai aún se sabe que no hay tienda de Google en Huawei y que existe en la #AppGalery , y no dejan tampoco descargar de otra	248855	0	0	0
153653000000000	Mon Jun 13 07:04:23 +0000 2022	EsPlateada	@DiesClara Yo tengo una Huawei con su lápiz de presión y me va genial (también odio aple). Lo malo de las tablets para mí es que echo en falta las teclas para cambiar cosas, pero luego ver el dibujo tiene su comodidad también	19	1	1	0
153653000000000	Mon Jun 13 06:59:29 +0000 2022	mirandan604	Huawei Watch GT 3 Pro: este smartwach ofrece el software HarmonyOS 2 y su precio puede que no esté al alcance de todos los usuarios https://t.co/jsmbe9TgkM	35	0	1	0
153653000000000	Mon Jun 13 06:18:04 +0000 2022	soportelecos	lo mal que anda mi celular y yo pensando en cambiar un motorola por otro motorola como te extraño huawei dale todos mis datos al gobierno chino	628	1	1	0
153653000000000	Mon Jun 13 05:48:48 +0000 2022	nincobo9	ay k horribles los emjisde huawei	338	0	1	0
153653000000000	Mon Jun 13 05:42:39 +0000 2022	guadarvmrr	@HUAWEI_TECH4ALL tres razones que hacen de nuestra estructura financiera la más apreciada y ventajosa del mundo: - nuestra rapidez en el análisis de los archivos de los clientes - nuestra tasa porcentual que ahora es del 2% - tarifas de solicitud gratuita	295	0	0	0
153653000000000	Mon Jun 13 05:41:49 +0000 2022	LauraCa19697811	@softewon @yeontrucas Yo a veces no le puedo responder porque aunque le activé las notis y todo mi celular deficiente es un Huawei PERO SI IGUAL	253	0	1	0
153653000000000	Mon Jun 13 05:38:07 +0000 2022	chefermart	Peor, los pendejos que toman selfies tapando sus pinches jetas con sus Huawei. https://t.co/KuYJn7ZUTV	150	0	0	0
153653000000000	Mon Jun 13 05:33:33 +0000 2022	repicatrompo	Weeey me caga, por que me aparecen tweets de hace días, mi Huawei me cargaba todo recientito.??	5377	1	1	0
153653000000000	Mon Jun 13 05:32:22 +0000 2022	bokitosii	Pero el niño queria HUAWEI xddd	43	0	1	0
153653000000000	Mon Jun 13 05:12:37 +0000 2022	CarmenEspa3	RT @notjosemiguel: escucharon eso???? sonó un huawei	189	0	0	0
153653000000000	Mon Jun 13 05:05:56 +0000 2022	Dosielux	Bug, o incompatibilidad por usar cargador de huawei ??, lo se soy un pillo. #iOS16 #beta https://t.co/ejjkyD9F4o	59	0	0	0
153653000000000	Mon Jun 13 05:03:54 +0000 2022	ExpertoAbsoluto	RT @dtureo: Bueno, definitivamente Boric no espanto la inversión en Chile menos el borrador de la nueva constitución ?????? #RadiografiaConsti…	870	0	0	0
153653000000000	Mon Jun 13 04:32:20 +0000 2022	mykarenwreckd	escucharon eso???? sonó un huawei	66	0	0	0
153653000000000	Mon Jun 13 04:30:08 +0000 2022	RodRuiz0	Encontré una aplicación muy buena en AppGallery. ¡Pruébela! https://t.co/DOe6ccw822 https://t.co/Cs4KTbibcI	809	1	1	0
153653000000000	Mon Jun 13 04:08:19 +0000 2022	rifamaniasiglo	Tu puta madre teclado de mierda, es arrobar, con b grande coñooooo, FUCK YOU HUAWEI.	5	0	1	0
153653000000000	Mon Jun 13 02:59:47 +0000 2022	CharcasIbarra	RT @QuieroProZaac: El robo de una MacBook pro mini y un celular Huawei p40lite plateado  así como unos tenis nuevos de caballero en caja ,m…	3851	0	0	0
153653000000000	Mon Jun 13 02:56:28 +0000 2022	blaberon	@josemanong @RossoArturo @Ihsf16 Yo he tenido Huawei (antes del peo con USA) y ahora me quedé en samsung y hasta ahora no he tenido problemas o algo que envidiar a los iPhone	1566	1	1	0
153653000000000	Mon Jun 13 02:47:13 +0000 2022	KiritoXd01	Huawei anuncia que construirá su tercer data center en Chile con inversión de unos US$ 100 millones  https://t.co/ObRVIdvJaB  #data #chile	43	0	0	0
153653000000000	Mon Jun 13 02:45:16 +0000 2022	dtureo	@_Just_Fly Tal como dijeron más arriba, el Xiaomi, anda re bien, el de Huawei, te da menos rango	959	0	1	0
153653000000000	Mon Jun 13 01:07:23 +0000 2022	AdryHuaw	Huawei Nova Y70 Review: lo bueno y lo malo del smartphone https://t.co/rwrg2CcX3j	21	0	0	0
153653000000000	Mon Jun 13 01:06:24 +0000 2022	ojrojasp	@HBOMaxLA POR DIOS HAGAN COMPATIBLES A LOS TELÉFONOS HUAWEI CON LA APLICACIÓN ??????	1266	0	1	0
153653000000000	Mon Jun 13 01:00:22 +0000 2022	dpl_tech	My HUAWEI: todo lo que necesitas en un solo lugar https://t.co/Wmhet9kdcx #vidadigital	1765	0	0	0
153653000000000	Mon Jun 13 00:09:19 +0000 2022	transmediachile	Buenas noticias, me prestaron un huawei p20 mientras ahorro para reparar mí móvil, ya puedo moverme por redes más seguido qvq	42554	1	1	0
153653000000000	Mon Jun 13 00:07:08 +0000 2022	Edinson50368698	@galiindo13 Eso hubiera sucedido sin dudas con un Huawei	234	0	0	0
153653000000000	Mon Jun 13 00:00:04 +0000 2022	HuaweiMobileCo	Se vienen nuevos precios en cambios de pantalla de Huawei ??   #pricedrop #huawei #reparacion #iPhone911	140650	0	0	0
153653000000000	Sun Jun 12 23:57:27 +0000 2022	Herbert00_	@FeelinkHS Padre, ten por seguro q Huawei no, te va a costar un huevo poder instalar HS xD	242	0	1	0
153653000000000	Sun Jun 12 23:55:48 +0000 2022	PlusNichi	Pues no tiene nada que ver eso ?? la gente millonaria un día sale con un iPhone y otro con un Android de alta gama. X ejemplo yo  tengo iPhone 12, muchos androide, iPad. De donde se twittea no tiene nada que ver. Tomaría su foto con iphone 13promax y la subió desu huawei p40 pro. https://t.co/Ws7BdqaLUG	1140	0	0	0
153653000000000	Sun Jun 12 23:54:54 +0000 2022	meddle2010	RT @EmprendedorNot: Esta es la #historia que se narra los inicios, éxitos y altibajos de la compañía china fundada en 1987 por Ren Zhengfei…	963	0	0	0
153653000000000	Sun Jun 12 23:21:16 +0000 2022	MS999935	@Santtiago98 @Citibanamex ¡Hola, santiago! Gracias por comunicarte a Huawei. Para poder brindarte la información de tus aplicaciones favoritas, te invitamos a enviarnos un mensaje directo. Estamos para servirte.	170	0	0	0
153653000000000	Sun Jun 12 23:16:07 +0000 2022	iPhone911sv	RT @pirriconban88: me bastan un huawei destrozado de hace casi 3 años y una habitacion que parece el zulo de Ortega Lara, para ser el mejor…	10733	1	1	0
153653000000000	Sun Jun 12 23:15:11 +0000 2022	fastecks	me bastan un huawei destrozado de hace casi 3 años y una habitacion que parece el zulo de Ortega Lara, para ser el mejor tuitero de la historia https://t.co/kNp7XsezeK	172	1	1	0
153653000000000	Sun Jun 12 23:11:42 +0000 2022	TriittonHB	Esta es la #historia que se narra los inicios, éxitos y altibajos de la compañía china fundada en 1987 por Ren Zhengfei. ¡Ahora es una empresa mundialmente famosa! https://t.co/a1GIrzr00L	734	0	0	0
153653000000000	Sun Jun 12 23:10:28 +0000 2022	wipamx	Los políticos d occidente son muy pendejos o muy soberbios,o ambos?cuando aplicaron sus tácticas d bloqueo a #Huawei lo único q consiguieron fue q la ind.d Smarphones asceleraran su independencia d Android o al menos no depender d éstos al 100%... https://t.co/Qim0Kj7g4D	731	0	0	0
153653000000000	Sun Jun 12 23:09:15 +0000 2022	HuaweiMobileMx	@migueldelrioabg Oiganlo en su propia voz  https://t.co/raKJXTRa5N	197869	0	0	0
153653000000000	Sun Jun 12 23:04:08 +0000 2022	anarcogitana	@blanquita1406 @Osmejamen @migueldelrioabg Oigalo de la voz de Clara López  Ridícula, ciega y sorda, Petro la tiene atembada  https://t.co/raKJXTRHVl	1304	0	0	0
153653000000000	Sun Jun 12 23:02:25 +0000 2022	pirriconban88	@FeelinkHS Pues yo he usado modelos huawei recientemente y han salido muy buenos el que uso actualmente es huawei y9 y en cuanto a las caídas hay buenas carcasas protectoras de uso rudo es mi humilde opinión Padre del Value	943	1	1	0
153653000000000	Sun Jun 12 22:48:45 +0000 2022	Ohrwurm14	estabamos comiendo flojas mogul y vienen unas turrS a pedirnos el ig y pane pone joaquincoste y yo lukapanel encima estaban n situacion de huawei	5335	0	0	0
153653000000000	Sun Jun 12 22:47:26 +0000 2022	toxin_vacota	No me está gustando la actualización de EMUI 12 de mi Huawei mate 20 ??, aparte que se quemó toda mi memoria del teléfono. @HuaweiMobileMx sabes con certeza cuanta memoria extra se le puede poner y que la soporte??	376	0	1	0
153653000000000	Sun Jun 12 22:46:13 +0000 2022	Erick_FFM	@rdbatsito queeeee, es k soy d huawei y no me deja x los servicios de google	5	0	1	0
153653000000000	Sun Jun 12 22:12:21 +0000 2022	alvadushis	@galiindo13 mientas tanto los huawei https://t.co/I2IDOPYYXm	824	0	0	0
153653000000000	Sun Jun 12 22:10:04 +0000 2022	Mihomow	@MrCopy19 @Apple @fernandeznorona Repito, es para pésimos compradores. Nada que ver con el mejor Huawei ni el mejor Sony. Lejísimos. Competirá con un Sony calidad media.	150	1	1	0
153653000000000	Sun Jun 12 20:15:03 +0000 2022	quierochollos15	Características que debes tener en cuenta al comprar smartphones de gama premium @HuaweiMobileCo #huawei #smartphones, https://t.co/TCcIwtETcI	95	0	0	0
153653000000000	Sun Jun 12 20:08:53 +0000 2022	locoalmicro	@Artaban_Erste @Pefizer @Apple Lo que dices aplica a un iPhone, a un Galaxy S, a un Huawei M o P, a un Xiaomi Mi, etc. Etc.  Por menos de un tercio consigues un teléfono que Iguala en rendimiento a cualquiera de los que acabo de mencionar, pero un gama al	95	0	0	0
153653000000000	Sun Jun 12 20:02:01 +0000 2022	cemdatic1	Que campaña de mierda de @TigoSportsBol con Samsung regalar un celular solo al mejor jugador del partido, hasta Huawei tiene mejores cámaras y también que se mete #pedidosyabolivia yo me pregunto tendrán en su app la opción de quejarse nose estan bien protegidos, pero bueno.	6	1	1	0
153653000000000	Sun Jun 12 20:00:02 +0000 2022	ofertazaspain	Este smartwatch de Huawei es un auténtico relojazo con una semana de autonomía y con ofertón por los Días Sin IVA de Huawei https://t.co/mOnDXZBkcL https://t.co/lDpF5zqR9i	3191	0	0	0
153653000000000	Sun Jun 12 19:45:01 +0000 2022	MrCopy19	General https://t.co/7T1Pz7MgMb	0	0	0	0
153653000000000	Sun Jun 12 19:33:08 +0000 2022	cruz_300_	Que por usar Huawei nunca me ocupe de ver cómo respaldar. Woa llorar	2	0	1	0
153653000000000	Sun Jun 12 19:31:35 +0000 2022	27is12	Nuevo Huawei Mate Xs 2: el móvil plegable más avanzado de Huawei es también uno de los más ligeros https://t.co/WDIHiSJF7K	1193	0	0	0
153653000000000	Sun Jun 12 19:11:29 +0000 2022	Mjurana2	es que siempre usas filtros perdón colega tengo un Huawei con una cámara de mierda	61	0	1	0
153653000000000	Sun Jun 12 19:05:24 +0000 2022	LaMamaLuchona28	@chrissavend @MiguelV19982281 @joseantoniokast @JMilei @BolsonaroSP «Huawei» es con mayúscula inicial. Si vas a hablar de redacción, aprendé a escribir correctamente primero. ??????.	103	0	0	0
153653000000000	Sun Jun 12 19:03:36 +0000 2022	andro4all	@MatiMuo38733156 @MiguelV19982281 @joseantoniokast @JMilei @BolsonaroSP A ver, ahora redáctalo de nuevo y bien para que te entendamos, me da igual si lo haces desde tu huawei de la China comunista.	89784	0	0	0
153653000000000	Sun Jun 12 18:40:51 +0000 2022	chrissavend	Huawei tiene bloqueo, entonces al ver lo que saca Honor que por diseño y software parecen más Huawei que otra cosa ¿Porque no dejan o desarrollan ese mismo software de Honor para que sean compatibles con sus teléfonos? Así muchos usuarios deciden si lo instalan o no. ??	1163	0	1	0
153653000000000	Sun Jun 12 18:36:45 +0000 2022	malik_asim_awan	LUDOS Clamor Auriculares In Ear con Cable y Microfono, Cascos Espuma de Memoria, Cable Reforzado, Graves, Earphones para para iPhone, iPad, Samsung, Mi, Xiaomi, Huawei, Gaming, Deportivos, Ordenador  ?? Precio: 11.87 €??  ??Enlace: https://t.co/O34zWfM3CY https://t.co/Nvvm8rAfVQ	19	0	0	0
153653000000000	Sun Jun 12 18:34:30 +0000 2022	malik_asim_awan	@SilenaEbria @messycatx Si, La app verifica si tu celu está en una White list =/ Yo tengo un Huawei con NFC que no salió oficialmente en Argentina y la app me dice que no puedo recargar (?)	19	0	0	0
153653000000000	Sun Jun 12 18:30:27 +0000 2022	PromoBotMX	Alumnos de la DACS, el gobierno del Municipio del Centro y Huawei Technoligies los invitan a los siguientes cursos que se muestran en la imagen.  Tienen hasta el 30 de junio para registrarse en: https://t.co/AHkNSwD8ZB https://t.co/xKynKrRMuW	427	0	0	0
153653000000000	Sun Jun 12 18:27:10 +0000 2022	iEduardoSanchez	RT @asocib: @Info_Movilnet En mi HUAWEI los dos 0416 que tengo no le funciona msj de texto	365	0	1	0
153653000000000	Sun Jun 12 18:23:36 +0000 2022	preycacom	RT @HuaweiMobileCo: Ya viene una nueva experiencia de entrenamiento con el nuevo HUAWEI #WatchFit2 ¡Cuida tu salud y atrévete a tomar nuevo…	53	0	0	0
153653000000000	Sun Jun 12 18:22:40 +0000 2022	atrapazon	@thirlshwn Es que tengo un huawei pero como ahora van sin google ya no me puedo comprar uno de estos ??	571	0	1	0
153653000000000	Sun Jun 12 15:02:35 +0000 2022	PacoQuiroga	Encuentra la diferencia entre eo logo de Huawei y #bluelotusdao @genesisofblue #nohayreteoceso ???????? cuidado que esto es un mensaje oculto @Master_Coin_ @MARCIANOPHONE @Whoiskitty5 @scamshitcoin https://t.co/WrHF4OEGIw	6182	0	0	0
153653000000000	Sun Jun 12 14:11:05 +0000 2022	LolaFlo44997049	@ohimlilly yo tuve que cambiar el mío (un huawei) xq se me empezó a hinchar la batería y me daba cosita que reventase jsjsjs	2	0	1	0
153653000000000	Sun Jun 12 11:55:27 +0000 2022	kuki1974	@nubecita_in Por la store de Huawei siempre y cuando tenga la app que quiero descargar	162	0	1	0
153653000000000	Sun Jun 12 11:55:16 +0000 2022	topdescuentostg	¿Cómo llega @Huawei a ser líder en patentes en el mundo? ????  Descúbrelo aquí ?? https://t.co/3zIPcBwvxl	95	0	0	0
153653000000000	Sun Jun 12 11:48:27 +0000 2022	aajuansolisaa	#Noticia ??El @Ministerio_TIC junto con @HuaweiMobileCo, se unieron para llevar a cabo el programa #SemillasDelFuturo, a través del cual se premian 20 personas con el mejor desempeño dentro del Programa #MisiónTIC2022 https://t.co/8MWMoTsngN	308	0	0	0
153653000000000	Sun Jun 12 11:35:49 +0000 2022	EdgarcueroO	"Muy caro y todo, pero al iPhone le tienes que programar el modo ""enfoque"" para que no te despierten las notificaciones. El reloj de Huawei detecta solo tu ciclo de sueño y desactiva notificaciones. Si, puedes dormir con tu reloj Huawei porque no es necesario cargarlo diario ????"	5006	1	1	0
1.5368917406653E+018	Wed Jun 15 02:01:59 +0000 2022	Sol14492472	Vídeo  HUAWEI lanza cinco nuevos productos en la República Dominicana  https://t.co/WF2uGNSdwb  HUAWEI presentó en el país su nuevo ecosistema de productos de diferentes categorías, que incluyen el Huawei GT3, la bocina Sound Joy, la serie de la... https://t.co/KkmHSkRCH8	339	0	0	0
1.53689138294999E+018	Wed Jun 15 02:00:34 +0000 2022	dpl_tech	Huawei en RD lanzó varios productos buenos ?? como la matebook o el watch gt 3, pero ni aire del P50 Pro ??	1765	1	1	0
1.53688465763076E+018	Wed Jun 15 01:33:50 +0000 2022	Viktor_MC28	@Yuin8Bits Oppo reno 6 lite tiene expiración de ram hasta 11 en escala de 2, 3 o 5, polimero reforzado antihuelga y rayones,  honor es familia de huawei el mismo sistema pero con otro nombre, oppo te maneja inteligente AI en sus lentes y embellecimiento c	820	0	0	0
1.53688370356942E+018	Wed Jun 15 01:30:03 +0000 2022	dpl_tech	@klar_mx se puede bajar la app desde el Appgallery de Huawei?? ????	1765	0	1	0
1.53687112721304E+018	Wed Jun 15 00:40:05 +0000 2022	pisapapeles	Huawei P Smart 2020 al descubierto: filtrado su diseño y características https://t.co/t6YEVJu3YR	11231	0	0	0
1.53686802566793E+018	Wed Jun 15 00:27:45 +0000 2022	PrensaInnova	@OdaalFrikismo El Huawei p30  La verdad es que nada mal y tiene un zoom del carajo.  Lo que pasa es que al meterlo ya aunque tengas el móvil en la mano que no se te mueve, la cámara parece que va en un tuktuk tailandés ??  Probé con un poco más de zoom y 	1178	0	1	0
1.53686768397884E+018	Wed Jun 15 00:26:24 +0000 2022	AdryHuaw	#Novedades   #Huawei quiere contribuir con la computación cuántica - https://t.co/WSFcvuGDnK	21	0	0	0
1.53686733211036E+018	Wed Jun 15 00:25:00 +0000 2022	AquiLoMire	Con HUAWEI MatePad 11 y su HUAWEI M-Pencil crea, edita o trabaja cómodamente en cualquier momento. Conoce más: https://t.co/D6p83P4jx1  #HUAWEIMatePad11 https://t.co/1aTT5dDT9y	85332	0	0	0
1.53686462631445E+018	Wed Jun 15 00:14:15 +0000 2022	transmediachile	@vicvalenciamx Hola, Víctor. Efectivamente, actualmente Citibanamex Móvil, aún no está disponible para uso en los nuevos dispositivos Huawei, sin embargo, podrás continuar realizando tus operaciones en BancaNet,	42554	0	1	0
1.53686426566309E+018	Wed Jun 15 00:12:49 +0000 2022	Revolucion_Web	@Lillith_Crown @Citibanamex @ContactoCitibmx Y siguen sin app para Huawei, así que los usuarios de la marca no podemos acceder a los servicios ni promociones desde dicha plataforma. Una cosa lamentable.	59	0	1	0
1.53686363621963E+018	Wed Jun 15 00:10:19 +0000 2022	ivoimovich	gracias team Orión por su gran trabajo! Ópticas Schilling agradecidos de la confianza en Huawei Cloud ! #cloud #team #sap https://t.co/azaiZwqjzs	1472	0	0	0
1.53686179591843E+018	Wed Jun 15 00:03:00 +0000 2022	Visortecno	no entiendo como en mi samsung pocket nsq podia controlar mi aire con una app pero con mi huawei p30 no me permite hacer un crj	107	0	1	0
1.53686108509724E+018	Wed Jun 15 00:00:10 +0000 2022	HuaweiMobileMx	@candre76arias ¡Hola, @candre76arias! Entendemos que no puedes reproducir contenido en tu dispositivo Huawei, aquí te dejamos información que te ayudará: https://t.co/60F1Ciu07J. Estaremos atentos a tus dudas y comentarios.  ^MM	197858	0	1	0
1.5368593811989E+018	Tue Jun 14 23:53:24 +0000 2022	Citibanamex	Con ganas de dar un curso básico para que aprendan a usar la cámara de su cel. Pueden hacer muchas maravillas entendiendo sus funciones.   ¿Les gustaría? Estas las tomé con celular. La primera con un Motorola y la 2da con un Huawei https://t.co/SDWPFlQSrk	427474	0	0	0
1.53685714469953E+018	Tue Jun 14 23:44:31 +0000 2022	vicvalenciamx	@_ferrerin Los dos moviles que he tenido antes han sido Huawei y la verdad que me han ido bien pero voy a peinar bien el mercado a ver que me encuentro.	431	0	1	0
1.53685582485693E+018	Tue Jun 14 23:39:16 +0000 2022	fcoquijano	Será muy paila comprar un celular de los últimos modelos de huawei, sin los servicios de Google? ????	208	0	0	0
1.53685523455067E+018	Tue Jun 14 23:36:55 +0000 2022	xiliwilix	@ProdigeGhost La Chine, Xiaomi, Huawei, X Peng, Alibaba, Oppo, Lenovo etc... Toyota est japonais	531	0	1	0
1.5368542461168E+018	Tue Jun 14 23:33:00 +0000 2022	HBOMaxSoporte	@HBOMaxSoporte @Xvid3os Yo también tengo el mismo problema. Tengo la Huawei Mate Pad Pro. No puedo ver @HBOMaxSoporte  @HBOMaxLA . Eso tiene solución?	38199	0	0	0
1.53685399315832E+018	Tue Jun 14 23:31:59 +0000 2022	Toust_	@SindyDguez ¡Hola, Sindy! Gracias por contactar a Huawei, si gustas puedes enviarnos un mensaje directo por este medio para brindarte atención al cliente. Estamos para servirte.	150	0	0	0
1.53684977336124E+018	Tue Jun 14 23:15:13 +0000 2022	sofiaa09_	Muy pronto @Huawei  será vendedor y desarrollador de autos ????  https://t.co/Tfu279pZbY	165	0	0	0
1.53684976561866E+018	Tue Jun 14 23:15:12 +0000 2022	OfDurel	@SindyDguez @HuaweiLatam Hola Sindy, gracias por escribir a Huawei. Por favor envíanos un mensaje directo para brindarte la asistencia necesaria.  Quedamos atentos a tu mensaje.	6	0	0	0
1.53684856610632E+018	Tue Jun 14 23:10:26 +0000 2022	candre76arias	Ya tuve un Vivo y aquí lo compré, y tuve mala experiencia con ese equipo. Ya después me cambié a Huawei y ya tengo 6 años con este P20 pro  Perro, apenas ni un año lleva Vivo en el Telcel xd	769	1	1	0
1.53683813045149E+018	Tue Jun 14 22:28:58 +0000 2022	acagudelo	@Huawei Empresas chinas relacionadas al régimen comunista chino estafaron al Perú. https://t.co/7iBnmsOe2S	2031	0	0	0
1.53683806916844E+018	Tue Jun 14 22:28:43 +0000 2022	caudiarg	CEREMONIA PUENTE CHINO 2022 ¿Te perdiste la transmisión en directo de la ceremonia Puente Chino 2022? No te preocupes, acá te dejamos el link para que la veas! https://t.co/7YJwO9LJky  #ConfucioUST @ChinaEmbajada @CLECOfficial  @Huawei  @Cooperativa https://t.co/oDCEA0R95G	64	0	0	0
1.53683693414801E+018	Tue Jun 14 22:24:12 +0000 2022	Eja97Mr	@tomorupyon ESQ yo tenía un huawei p20 lite pero hace menos del mes se estrelló la pantalla y como ya se la había cambiado una vez ya no iba a agarrar CUESTION yo dije agarro el iphone un rato en lo q puedo conseguir otro cel	197	0	1	0
1.53683688728501E+018	Tue Jun 14 22:24:01 +0000 2022	ejutv	En Quito, #Ecuador, @OLADEORG firmó un memorando de entendimiento con #Huawei con el fin de oficializar su compromiso de impulsar la transición energética limpia en #AméricaLatina y el #Caribe. ¡Entérate! https://t.co/Lkq2HwcVZY #EnLatamParaLatam https://t.co/RHOeSaheKd	25708	0	0	0
1.53683461705918E+018	Tue Jun 14 22:15:00 +0000 2022	notasbit	Mi celular Huawei se cayó como.1000 veces y no se lastimó nunca, hasta hoy y eso me tiene triste ??.	308	0	0	0
1.5368302734129E+018	Tue Jun 14 21:57:44 +0000 2022	TCJ39	HUAWEI P50 Pro: el nuevo smartphone insignia de HUAWEI llegará pronto a Panamá https://t.co/8x7oKcMo3E #vidadigital	35	0	0	0
1.53682836320093E+018	Tue Jun 14 21:50:09 +0000 2022	ConfucioUST	@javieranua https://t.co/W366rIBY7V Recomendable, otra vista	2438	0	0	0
1.53682831359908E+018	Tue Jun 14 21:49:57 +0000 2022	RitsuSoraCEO	Huawei P30 Pro New Edition tendrá los servicios de Google https://t.co/3sjEjAK4VQ	263	1	1	0
1.53682761276446E+018	Tue Jun 14 21:47:10 +0000 2022	HuaweiLatam	Gracias a Paolo Giovanni  por la pic., también está excelente para mi Huawei fit.. ?? https://t.co/LDvpXmGxbf	85305	1	1	0
1.53682381558134E+018	Tue Jun 14 21:32:05 +0000 2022	VidaDigital	¡Me gusta! Funda De Silicon Suave Para Huawei Y6 2019 https://t.co/A1bJ9trM88	8735	0	0	0
1.53682351746281E+018	Tue Jun 14 21:30:54 +0000 2022	buriker	@x_G_r__ @Daniel_Rdz16 @Andrik_mino7 @elperro_waton @azotandopendejo @RaidersEngland @InvictosSomos “Twitter for android” JAJAJAJAJAJAAJAJAJJAJAJJAJAJJAJAAJAJAJAJAJ sigue twitteando desde tu xiaomi o tu huawei rey, saludos	326	0	1	0
1.53681835356994E+018	Tue Jun 14 21:10:22 +0000 2022	BdOferta	Cuéntanos tus necesidades y te diremos cuál es el HUAWEI Nova diseñado para ti https://t.co/4mC6ILirIE	687	0	0	0
1.53681729208397E+018	Tue Jun 14 21:06:09 +0000 2022	mundoenlinea	“La innovación está en el corazón de la #estrategia comercial de #Huawei”, enfatizó Liu Hua, Directora de la @WIPO en China, al reconocer los esfuerzos continuos de #Huawei para impulsar la #innovación. Lee más: https://t.co/YwHRXubMoK #IPMatters #IPR2022 https://t.co/YAcpoAvNl1	621	0	0	0
1.53681664871125E+018	Tue Jun 14 21:03:36 +0000 2022	HONDURASINFORM5	vi que first kill tenía buenas críticas pero la empecé a ver y parece una  historia de lesbianas vampiros sacada de wattpad y sin mencionar que está filmada como el orto, lo haces con la cámara de un huawei y queda mejor	5	1	1	0
1.53681624815516E+018	Tue Jun 14 21:02:00 +0000 2022	HONDURASINFORM5	Me regalaron unos audífonos compatibles con Huawei, recién cambié mi teléfono a un Samsung y creí que iba a tener que vender los audífonos pero me rehusaba porque me los dio alguien muy importante y sentí que era deshacerme de una parte de él y hoy al fin los pude vincular,fin.	5	0	0	0
1.53681477062779E+018	Tue Jun 14 20:56:08 +0000 2022	HONDURASINFORM5	Okaputa mante mi huawei'i pero de que veo el partido veo ????????	5	0	0	0
1.53681357714688E+018	Tue Jun 14 20:51:24 +0000 2022	ITsellerNews	???? La carrera de #Computación y la empresa #Huawei invita a la comunidad universitaria a inscribirse en los cursos gratuitos virtuales de “Huawei movile services”.   ?? Si estás interesado/a comunícate al correo vtixilima@ups.edu.ec   #UPSQuito #UPSEcuador ???? https://t.co/0uY7I70EEm	1040	0	0	0
1.53681198832356E+018	Tue Jun 14 20:45:05 +0000 2022	_hidalgovv	@sanbenictor La que sacaba lindas fotos a la luna no era Huawei?	64	1	1	0
1.53681102759724E+018	Tue Jun 14 20:41:16 +0000 2022	Ursiss	Disfruta de tus contenidos favoritos de los #MediosPúblicos en la renovada plataforma de @MxPlayTV.   Descarga la #app para #iOS, #Android y #Huawei, o ingresa a https://t.co/y4O9wvF4Ti y comienza a ver todo lo que tiene para ofrecerte.   #UnidosPorLasAudiencias https://t.co/gKpsZwCvA1	594	0	1	0
1.53681074746807E+018	Tue Jun 14 20:40:09 +0000 2022	LeguiNatty	@rediliencia no veo tu emoji amor tengo huawei	11171	0	0	0
1.53680986296076E+018	Tue Jun 14 20:36:38 +0000 2022	upsalesiana	@jonpirela37 Desde hace unos años q lo metió Huawei y luego los demás así como la astrofotografía pero tiene que ser a campo abierto  https://t.co/G78whv1IQW	22029	0	1	0
1.53680819346397E+018	Tue Jun 14 20:30:00 +0000 2022	Pixelania	y en parte no entendimos mal, si van a descansar como grupo, de los shows,de las entrevistas, de la música, de los mv. Pero no es que se van a separar y no van a hacer ningún tipo de actividad juntos, nos tocará verlos en una publi de huawei por ejemplo ahre	88807	0	0	0
1.53680429534926E+018	Tue Jun 14 20:14:31 +0000 2022	dam_jdm	@Mau_Albornoz Huawei en 2019 ya lo hacia, tiene alguna innovación?	551	1	1	0
1.53678575340082E+018	Tue Jun 14 19:00:50 +0000 2022	InfoElvalluno	Huawei Y8s es nuevo teléfono de gama media que incluye los servicios de Google https://t.co/fAx1mTChv0	292	0	1	0
1.53677991310943E+018	Tue Jun 14 18:37:37 +0000 2022	Revolucion_Web	@chavarriamayda1 @mario_dico50 La guerra económica fue EU vs China. Cuando se metían aranceles hasta por respirar. Fue por todo el desastre de la red 5g de Huawei. La pandemia independiente del número de contagios o fallecidos freno las cadenas de valor y	59	0	0	0
1.53677942310974E+018	Tue Jun 14 18:35:41 +0000 2022	JmnzJorge	Huawei ya tenía eso años atrás jajajaj https://t.co/idn9c3s5hz	1357	1	1	0
1.5367790772768E+018	Tue Jun 14 18:34:18 +0000 2022	HuaweiMobileMx	???? #NACIONAL   Huawei no compensó a clientes afectados en el Hot Sale: Profeco.  ?? https://t.co/k52ZvWaOoV https://t.co/OhUtB00jqI	197858	0	0	1
1.53677673510189E+018	Tue Jun 14 18:25:00 +0000 2022	ABCNoticiasMX	@Fennix73 ???? Que jartera que sean chinos!!! Porque los celulares son buenos! No sé por cuál reemplazar mi huawei nova 5t	60927	1	1	0
1.53677391512049E+018	Tue Jun 14 18:13:47 +0000 2022	Revolucion_Web	Obtén una velocidad de transmisión entre tarjetas con capacidad de reenvío de 4.8 T por slot con los switches modulares de Huawei.  ? Cotiza esta solución de networking aquí: https://t.co/rTxPY3wkid  #SomosXWeb #Huawei #enterprise #switches https://t.co/EtGHwDMwt9	59	0	0	0
1.53677237688444E+018	Tue Jun 14 18:07:41 +0000 2022	TecnoBitOficial	@Kalucha07 Yo uso huawei camarada	770	1	1	0
1.53676478103786E+018	Tue Jun 14 17:37:30 +0000 2022	rincon_tec	Huawei y la UTN firmaron un convenio marco de colaboración #Actualidad https://t.co/HJy3pLDtGC https://t.co/oyh5AOZJhi	13	0	0	0
1.53676418425971E+018	Tue Jun 14 17:35:07 +0000 2022	ValerieDiazV	@EntretenidosEc @HuaweiMobile @Huawei @HuaweiMobileEc Hola, sabes si tiene una app de calendario?	80	0	1	0
1.53675797192495E+018	Tue Jun 14 17:10:26 +0000 2022	SemBariloche	#Argentina – Huawei y la UTN firmaron un convenio marco de colaboración https://t.co/nG1jgEQyTn	36	0	0	0
1.53675596288256E+018	Tue Jun 14 17:02:27 +0000 2022	PredicatorM	@PinKpr0 Si, pero el modelo de teléfono, los huawei que he tenido yo pues si jalan bien	190	1	1	0
1.5367556011828E+018	Tue Jun 14 17:01:01 +0000 2022	ClaroPanama	Estoy mamado de mi teléfono, nunca nada funciona de manera correcta. La demora es tener la facilidad para decirle adiós a huawei. (voy a guardar el teléfono porque fue un señor regalo)	121403	0	1	0
1.53675524575749E+018	Tue Jun 14 16:59:36 +0000 2022	mauri_labs	??¡¡Llévate Nexsys Rewards con Huawei!! tus compras y certificaciones tienen premios, conoce los detalles aquí: https://t.co/0h2bDMto9V https://t.co/nkzdlR3lfp	12	0	0	0
1.53675443591683E+018	Tue Jun 14 16:56:23 +0000 2022	santrex_231	General https://t.co/z5ofL0t2eK	32	0	0	0
1.5367544085701E+018	Tue Jun 14 16:56:17 +0000 2022	rivaldo__dp	@Mau_Albornoz Si se enteran que el huawei mate 20 pro saca así y se fabricó hace 4 años, se caen de culo...	89	1	1	0
1.53675133243406E+018	Tue Jun 14 16:44:03 +0000 2022	NexsysPeru	@LooreMtz @SantanderMx 1. No hay compatibilidad con Huawei en las apps 2. Tienes que usar dos apps, una para ver tu tarjeta y otra para checar el saldo 3. Lentitud extrema 4. Ir al banco a hacer muchas cosas que podrían hacerse desde las múltiples apps 5.	668	0	1	0
1.53675076710903E+018	Tue Jun 14 16:41:48 +0000 2022	m_matambs	#Argentina – Huawei y la UTN firmaron un convenio marco de colaboración https://t.co/Z6mC9Hh9JM	1	0	0	0
1.5367500793647E+018	Tue Jun 14 16:39:05 +0000 2022	Luchofede89	No hay forma de acabar con Huawei https://t.co/7V2qrfknTP vía @smolny7	187	1	1	0
1.53674623721867E+018	Tue Jun 14 16:23:48 +0000 2022	arielmcorg	@LaMMordida Voy a comprar mi iPhone cuando tenga la pantalla como mi Huawei y9 prime. ??	4794	1	1	0
1.53674609350503E+018	Tue Jun 14 16:23:14 +0000 2022	nicosangomez	Alguien que haya comprado recientemente un smartphone Huawei, le sirven los servicios de Google?	447	0	1	0
1.53674499830096E+018	Tue Jun 14 16:18:53 +0000 2022	AdriMelchionna	@ceretta_alberto @AcuaHiram @oalmuruguay Estuvo el Huawei P40 (plus, o pro), que su especialidad estaba en fotografiar objetos lejanos. Años después vino este Samsung, aunque su precio es astronómico! Hubo trabajo de equipo. Mi sobrino, sacó la foto, yo m	484	1	1	0
1.53674109906203E+018	Tue Jun 14 16:03:23 +0000 2022	ElPatagonNET	@HBOMaxSoporte ¡ ayuda ! .  Tengo Huawei p30 , y cuando uso la app para ver HBO Max al poco tiempo (2 días) empieza a fallar y termina volviendo loco el celular . Sin funcionar las demás app del celu. (Incluso llamadas)  La única es solucion borrar HBO y 	58	0	1	0
1.53673500087956E+018	Tue Jun 14 15:39:10 +0000 2022	Conimarianaa	@fandefoyth para tremendo celu tenía yo apenas tengo un Huawei	243	0	1	0
1.53673414276282E+018	Tue Jun 14 15:35:45 +0000 2022	esfera_android	Huawei está preparando la Huawei MatePad Pro 12,6 (2022) una nueva generación de esta tablet que podría mejorar los puntos clave. [+ info en https://t.co/8PHgdJlpxj]	1214	0	0	0
1.53673346925817E+018	Tue Jun 14 15:33:04 +0000 2022	VendeTuCel	Gente tuitera, les andamos manejando este Huawei Watch Fit Rosa a la venta, tiene 2 meses de uso está prácticamente nuevo, de entrega con su caja, cable para cargar y correa originales. Bueno, bonito y barato.???? https://t.co/gDEGtUqrVv	924	0	0	0
1.53673270550068E+018	Tue Jun 14 15:30:02 +0000 2022	pibedecap	Allí de a 3 en la moto pero el Huawei alta gama no puede faltar en la mano.	2186	1	1	0
1.53673131164529E+018	Tue Jun 14 15:24:30 +0000 2022	chicasicodelica	Nueva tablet Huawei en camino: se filtra la Huawei MatePad Pro 12,6 de 2022 https://t.co/CcFLBYNNgt https://t.co/NgE5XtmUzp	145	0	0	0
1.53672969793725E+018	Tue Jun 14 15:18:05 +0000 2022	ChernobyII	#ElAndroideLibre   Nueva tablet #Huawei en camino: se filtra la #Huawei MatePad Pro 12,6 de 2022  https://t.co/8YJGEsfUh6	3109	0	0	0
1.53672968363467E+018	Tue Jun 14 15:18:02 +0000 2022	USBINFORMATICSC	@juanpablochacon @HuaweiMobileESP Sin problemas, de todas formas se conecta a través de su aplicación Huawei Salud y desde ahí se gestiona todo.	1177	1	1	0
1.53672938786471E+018	Tue Jun 14 15:16:51 +0000 2022	HuaweiEmpresas	#Tablets #Huawei #Filtraciones Nueva tablet Huawei en camino: se filtra la Huawei MatePad Pro 12,6 de 2022 - EL ESPAÑOL https://t.co/0L6paTTGQr https://t.co/YxCFRTgihi	9238	0	0	0
1.53672797556723E+018	Tue Jun 14 15:11:15 +0000 2022	Marco_Costas	De hecho Huawei ya lo hacía en 2018 y Samsung en 2019 pero bueno vosotros a lo vuestro https://t.co/UqmYQoizel	1165	1	1	0
1.53672759810484E+018	Tue Jun 14 15:09:45 +0000 2022	DailyNews79	Nueva tablet Huawei en camino: se filtra la Huawei MatePad Pro 12,6 de 2022 https://t.co/Y7s4qMuoCt	100	0	0	0
1.53672590078748E+018	Tue Jun 14 15:03:00 +0000 2022	Visortecno	@mariorob Menos mal Huawei ya con gspace queda como full Android.	107	1	1	0
1.53671805217934E+018	Tue Jun 14 14:31:49 +0000 2022	CIOMexico	"@Juega_eFootball En mi Huawei Y9 2019 que cumple perfectamente con los requisitos, luego de jugar un rato, aparece ""efootball 2022 no responde"" y luego se cierra :("	6902	0	1	0
1.5367147144572E+018	Tue Jun 14 14:18:33 +0000 2022	ManuelJCastill5	Huawei tenía los mejores audífonos del mundo y justo cuando decido volver a comprarlos, los sacan del mercado. Y a mi no me gustan ninguno de los buds del mercado ??	157	1	1	0
1.53671443559056E+018	Tue Jun 14 14:17:26 +0000 2022	9morales9	@Luula_03HM Sí, pero no te lo recomiendo porque da mucha lata. Hay otros modelos de Huawei parecidos que jalan bien y tienen la cámara en una mejor posición ??	757	1	1	0
1.53671432302806E+018	Tue Jun 14 14:17:00 +0000 2022	pajarongutierre	El viernes en el concierto de Wisin y Yandel fui una más de las personas a las que se le robó el celular, si por ahí ven un Huawei p30 Leica que se ofrece me avisan, si no un rt me ayuda. El cel tiene en la parte trasera un soporte magnético como el de la foto pero ya gastado https://t.co/Z4gHLyVBg7	1883	0	0	0
1.53671421551546E+018	Tue Jun 14 14:16:34 +0000 2022	soncard76	#ComandoPasado Mayo 2019. #IMM firmó acuerdo “confidencial” con #Huawei para explorar proyectos de “ciudades inteligentes”. https://t.co/hSSVpUSaQX #Huawei es acusada por #EEUU, #Canadá y varios países europeos de #espionaje y violación de las restricciones comerciales con #Irán.	593	0	0	0
1.53671378358176E+018	Tue Jun 14 14:14:51 +0000 2022	LautaaUY	? PRECIAZO?????  #Amazon #Informática  ?? Michark Concentrador 8 en 2, Adaptador USB-C a HDMI 4KPuerto Thunderbolt 3, Power Delivery 100W,Puerto USB 3.0/2.0 y Lector de Tarjetas SD/TFde 512G, para MacBook, Huawei MateBook, DELL XPS, Tableta  ?? CUPÓN: USBHUBC8  ?? Precio OFERTA:… https://t.co/mi4Ok24Wks	2	0	0	0
1.53671362702526E+018	Tue Jun 14 14:14:14 +0000 2022	SkillBones	@GabyOrozcoR A mi cuñado le pasó lo mismo y ya mejor tiene un Huawei watch, sale más barato que la reparación.	553	1	1	0
1.53671070951773E+018	Tue Jun 14 14:02:38 +0000 2022	wowquechollos	@vegetarianghou1 Cualquier xiaomi o Huawei. Aunque pasen 40 años siguen funcionando con fuidez.	1385	1	1	0
1.536700524288E+018	Tue Jun 14 13:22:10 +0000 2022	ShopParaTi	Los próximos lanzamientos de Huawei prometen ser un éxito en el universo de los wearables https://t.co/MRQLmiNxuS	6	0	0	0
1.53669919123322E+018	Tue Jun 14 13:16:52 +0000 2022	supergeekcl	@angelarubii_ Si no necesitas mucho los servicios de Google (aunque puedes disfrutar de la mayoría de ellos a través del navegador) , la cámara del Huawei P50 pro es muy buena.	3402	1	1	0
1.53669551077342E+018	Tue Jun 14 13:02:14 +0000 2022	topdescuentostg	Por aquí no paramos de buscar ?? #ofertas como esta: Batería Externa 10400mAh 5V/3A Power Bank USB C con LED Patalla Bateria Portatil,Charmast Ultra Slim Powerbank Compatible con iPhone 13 12 11 X 8 7 Samsung S21 S20 Huawei iPad LG https://t.co/pX8Je1CJ9T	95	0	0	0
1.53668742531713E+018	Tue Jun 14 12:30:07 +0000 2022	el_ofertador	¡Llegó la Venta Nocturna de Aniversario?Office Depot! Laptop Huawei Matebook 8GB a solo $12,999, además hasta 18 meses sin intereses   Compra en tienda o en?https://t.co/Q1iIX3y1a2 *Consulta restricciones. Válido del 14 al 16 de junio. https://t.co/pKz0Cepb1h	14155	0	0	0
1.53668738141125E+018	Tue Jun 14 12:29:56 +0000 2022	UrbanTecno	@Mau_Albornoz Zoom 30x y 100x.  De todas formas para mi los 2 teléfonos que tienen mejor calidad para este tipo de fotos son los Huawei que tienen un modo dedicado y los pixel que tienen el modo astrofotografia https://t.co/Btf0238v42	87325	1	1	0
1.53668154974315E+018	Tue Jun 14 12:06:46 +0000 2022	OfficeDepotMex	Parpadea dos veces si estás siendo brainwashed por el gobierno chino mediante un Huawei. https://t.co/q6L7lFdvit	58463	0	0	0
1.53668065995538E+018	Tue Jun 14 12:03:14 +0000 2022	ascano_y	¿5G en los teléfonos inteligentes Huawei? La solución es simple y se puede utilizar en todos los equipos. https://t.co/Gv9SuMNCqT	155	0	0	0
1.53667855956096E+018	Tue Jun 14 11:54:53 +0000 2022	laguiadelchollo	Este portátil de Huawei tira su precio al mínimo: pantalla FullView y 256GB de SSD por menos de 450 euros https://t.co/1nMFegLXEX	473	0	0	0
1.53667758493469E+018	Tue Jun 14 11:51:00 +0000 2022	PDD20	@T_mobilitat @Aledando Hola. Cualquier Huawei lanzado desde mayo de 2019, no tiene los servicios de Google ni trae la tienda de apps Google Play; es por lo que os sugería publicar también la app en Huawei AppGallery, que requiere una adaptación mínima. ht	3394	0	1	0
1.53666671594945E+018	Tue Jun 14 11:07:49 +0000 2022	Revolucion_Web	Huawei Watch D: El avance en tecnología de reloj inteligente que mide la presión arterial https://t.co/zEwqKCeKI2	59	0	0	0
153653000000000	Tue Jun 20 01:55:56 +0000 2022	pruebaTrainDummy	Compré un huawei en linea y me llegó rapido a casa. Muy satisfecho la verdad	1	1	0	1
153653000000000	Tue Jun 20 01:55:56 +0000 2022	pruebaTrainDummy	Tengo un huawei nova 8 y es muy ligero, le dura mucho la pila y el diseño es muy bonito	1	1	1	0
153653000000000	Tue Jun 20 01:55:56 +0000 2022	pruebaTrainDummy	la camara del huawei nova es muy buena	1	1	1	0
153653000000000	Tue Jun 20 01:55:56 +0000 2022	pruebaTrainDummy	se me ha caido mi huawei p30 lite y nunca le ha pasado nada. Está intacto y funciona muy bien	1	1	1	0
153653000000000	Tue Jun 20 01:55:56 +0000 2022	pruebaTrainDummy	Juego cod en mi p30 llite y los graficos se ven muy bien	1	1	1	0
153653000000000	Tue Jun 20 01:55:56 +0000 2022	pruebaTrainDummy	tengo la mayoria de las aplicaciones de huawei sin necesidad de terceros. Solo creo un acceso directo y funcionan bien	1	1	1	0
153653000000000	Tue Jun 20 01:55:56 +0000 2022	pruebaTrainDummy	La app de bancomer si me ha funcionado en huawei	1	1	1	0
153653000000000	Tue Jun 20 01:55:56 +0000 2022	pruebaTrainDummy	Los free buds de huawei son buenos. Baratos, dura la pila mucho tiempo y suenan muy bien	1	1	1	0
153653000000000	Tue Jun 20 01:55:56 +0000 2022	pruebaTrainDummy	La carga rapida del huawei nova 9 es muy buena	1	1	1	0
153653000000000	Tue Jun 20 01:55:56 +0000 2022	pruebaTrainDummy	El servicio de correo de huawei se puede sincronizar con el de gmail y te llegan todas las notificaciones de gmail al telefono.	1	1	1	0
153653000000000	Tue Jun 20 01:55:56 +0000 2022	pruebaTrainDummy	tengo whatsapp sin problemas en mi huawei p20 lite	1	1	1	0
153653000000000	Tue Jun 20 01:55:56 +0000 2022	pruebaTrainDummy	he jugado pug mobile en mi nova 9 sin ningun problema	1	1	1	0
153653000000000	Tue Jun 20 01:55:56 +0000 2022	pruebaTrainDummy	la camara del huawei mate pro tiene un buen zoom y definición. Me gusta	1	1	1	0
153653000000000	Tue Jun 20 01:55:56 +0000 2022	pruebaTrainDummy	pensé que por tener un huawei estaria limitado. Pero la verdad es que he lograddo tener las mismas funcionalidades que con android.	1	1	1	0
153653000000000	Tue Jun 20 01:55:56 +0000 2022	pruebaTrainDummy	igualmente utilizo el servicio de nube de huwei, tambien es bueno y tiene servicio de bloqueo y rastreo en caso de robo	1	1	1	0
153653000000000	Tue Jun 20 01:55:56 +0000 2022	pruebaTrainDummy	En el servicio de tienda de huawei tambien pueden facturar y tienen buenos descuentos	1	1	0	1
153653000000000	Tue Jun 20 01:55:56 +0000 2022	pruebaTrainDummy	pedi una pantalla huawei en la pagina de huawei y me llegó super rapido	1	1	0	1
153653000000000	Tue Jun 20 01:55:56 +0000 2022	pruebaTrainDummy	se me cayó mi celular y si aguantó. Es un huawei p30 lite	1	1	1	0
153653000000000	Tue Jun 20 01:55:56 +0000 2022	pruebaTrainDummy	Despues de dos años le sigue durando muy bien la bateria a mi huawei	1	1	1	0
153653000000000	Tue Jun 20 01:55:56 +0000 2022	pruebaTrainDummy	La bocina de huawei es muy buena. Los graves suenan muy muy bien	1	1	1	0
153653000000000	Tue Jun 20 01:55:56 +0000 2022	pruebaTrainDummy	ya me armé una pantalla huawei curva para jugar assetto corsa. Se ve muy bien.	1	1	1	0
153653000000000	Tue Jun 20 01:55:56 +0000 2022	pruebaTrainDummy	muy bueno el servicio a cliente de la tienda de huawei	1	1	0	1
153653000000000	Tue Jun 20 01:55:56 +0000 2022	pruebaTrainDummy	a pesar de no tener como tal algunas aplicaciones, me he sentido comodo con el huawei	1	1	1	0
153653000000000	Tue Jun 20 01:55:56 +0000 2022	pruebaTrainDummy	Super rapido el servicio en linea de huawei	1	1	0	1
153653000000000	Tue Jun 20 01:55:56 +0000 2022	pruebaTrainDummy	buenas promociones en huawei, ya arme celular y smartwatch	1	1	0	1
153653000000000	Tue Jun 20 01:55:56 +0000 2022	pruebaTrainDummy	llegó muy rapido mi pedido de huawei. Compré directo en la tienda	1	1	0	1
153653000000000	Tue Jun 20 01:55:56 +0000 2022	pruebaTrainDummy	compré huawei linea llegó rapido casa satisfecho verdad	1	1	0	1
153653000000000	Tue Jun 20 01:55:56 +0000 2022	pruebaTrainDummy	huawei nova ligero dura pila diseño bonito	1	1	1	0
153653000000000	Tue Jun 20 01:55:56 +0000 2022	pruebaTrainDummy	camara huawei nova buena	1	1	1	0
153653000000000	Tue Jun 20 01:55:56 +0000 2022	pruebaTrainDummy	caido huawei p lite nunca pasado intacto funciona bien	1	1	1	0
153653000000000	Tue Jun 20 01:55:56 +0000 2022	pruebaTrainDummy	juego cod p llite graficos ven bien	1	1	1	0
153653000000000	Tue Jun 20 01:55:56 +0000 2022	pruebaTrainDummy	mayoria aplicaciones huawei necesidad terceros solo creo acceso directo funcionan bien	1	1	1	0
153653000000000	Tue Jun 20 01:55:56 +0000 2022	pruebaTrainDummy	app bancomer si funcionado huawei	1	1	1	0
153653000000000	Tue Jun 20 01:55:56 +0000 2022	pruebaTrainDummy	free buds huawei buenos baratos dura pila tiempo suenan bien	1	1	1	0
153653000000000	Tue Jun 20 01:55:56 +0000 2022	pruebaTrainDummy	carga rapida huawei nova buena	1	1	1	0
153653000000000	Tue Jun 20 01:55:56 +0000 2022	pruebaTrainDummy	servicio correo huawei puede sincronizar gmail llegan todas notificaciones gmail telefono	1	1	1	0
153653000000000	Tue Jun 20 01:55:56 +0000 2022	pruebaTrainDummy	whatsapp problemas huawei p lite	1	1	1	0
153653000000000	Tue Jun 20 01:55:56 +0000 2022	pruebaTrainDummy	jugado pug mobile nova ningun problema	1	1	1	0
153653000000000	Tue Jun 20 01:55:56 +0000 2022	pruebaTrainDummy	camara huawei mate pro buen zoom definición gusta	1	1	1	0
153653000000000	Tue Jun 20 01:55:56 +0000 2022	pruebaTrainDummy	pensé tener huawei estaria limitado verdad lograddo tener mismas funcionalidades android	1	1	1	0
153653000000000	Tue Jun 20 01:55:56 +0000 2022	pruebaTrainDummy	igualmente utilizo servicio nube huwei tambien bueno servicio bloqueo rastreo caso robo	1	1	1	0
153653000000000	Tue Jun 20 01:55:56 +0000 2022	pruebaTrainDummy	servicio tienda huawei tambien pueden facturar buenos descuentos	1	1	0	1
153653000000000	Tue Jun 20 01:55:56 +0000 2022	pruebaTrainDummy	pedi pantalla huawei pagina huawei llegó super rapido	1	1	0	1
153653000000000	Tue Jun 20 01:55:56 +0000 2022	pruebaTrainDummy	cayó celular si aguantó huawei p lite	1	1	1	0
153653000000000	Tue Jun 20 01:55:56 +0000 2022	pruebaTrainDummy	despues dos años sigue durando bien bateria huawei	1	1	1	0
153653000000000	Tue Jun 20 01:55:56 +0000 2022	pruebaTrainDummy	bocina huawei buena graves suenan bien	1	1	1	0
153653000000000	Tue Jun 20 01:55:56 +0000 2022	pruebaTrainDummy	armé pantalla huawei curva jugar assetto corsa ve bien	1	1	1	0
153653000000000	Tue Jun 20 01:55:56 +0000 2022	pruebaTrainDummy	bueno servicio cliente tienda huawei	1	1	0	1
153653000000000	Tue Jun 20 01:55:56 +0000 2022	pruebaTrainDummy	pesar tener tal aplicaciones comodo huawei	1	1	1	0
153653000000000	Tue Jun 20 01:55:56 +0000 2022	pruebaTrainDummy	super rapido servicio linea huawei	1	1	0	1
153653000000000	Tue Jun 20 01:55:56 +0000 2022	pruebaTrainDummy	buenas promociones huawei arme celular smawatch	1	1	0	1
153653000000000	Tue Jun 20 01:55:56 +0000 2022	pruebaTrainDummy	la tienda de huawei me estafó	1	0	0	1
153653000000000	Tue Jun 20 01:55:56 +0000 2022	pruebaTrainDummy	compré en la tienda en linea de huawei y no respetaron mis descuentos	1	0	0	1
153653000000000	Tue Jun 20 01:55:56 +0000 2022	pruebaTrainDummy	la huawei es pura estafa. Compré en linea y cancelaron mis compras	1	0	0	1
153653000000000	Tue Jun 20 01:55:56 +0000 2022	pruebaTrainDummy	nunca llegó mi producto y sigo esperando mi reenbolso	1	0	0	1
153653000000000	Tue Jun 20 01:55:56 +0000 2022	pruebaTrainDummy	no llegó el producto que pedi en la tienda de huawei	1	0	0	1
153653000000000	Tue Jun 20 01:55:56 +0000 2022	pruebaTrainDummy	la tienda de huawei no respetó mi descuento. No me llegó mi producto adicional	1	0	0	1
153653000000000	Tue Jun 20 01:55:56 +0000 2022	pruebaTrainDummy	pedi una pantalla en la tienda de huawei y tardó demasiado, casi un mes!	1	0	0	1
153653000000000	Tue Jun 20 01:55:56 +0000 2022	pruebaTrainDummy	la camara de mi huawei es una basura, los filtros y los colores son muy exagerados	1	0	1	0
153653000000000	Tue Jun 20 01:55:56 +0000 2022	pruebaTrainDummy	la camara de huawei en modo retrato es una basura. Recorta mucho la silueta y aveces no reconoce los brazos	1	0	1	0
153653000000000	Tue Jun 20 01:55:56 +0000 2022	pruebaTrainDummy	la camara de huawei no es muy buena. Satura los colores	1	0	1	0
153653000000000	Tue Jun 20 01:55:56 +0000 2022	pruebaTrainDummy	mi huawei p30 lite de repente se apaga. Es malo	1	0	1	0
153653000000000	Tue Jun 20 01:55:56 +0000 2022	pruebaTrainDummy	la camara de mi huawei no funciona muy bien de noche	1	0	1	0
153653000000000	Tue Jun 20 01:55:56 +0000 2022	pruebaTrainDummy	mi huawei se calienta demasiado	1	0	1	0
153653000000000	Tue Jun 20 01:55:56 +0000 2022	pruebaTrainDummy	los colores de las fotos de huawei estan sobre saturados. Son malos	1	0	1	0
153653000000000	Tue Jun 20 01:55:56 +0000 2022	pruebaTrainDummy	no estoy muy contento con el huawei. Los colores estan saturados	1	0	1	0
1.55237976078913E+018	Wed Jul 27 19:45:51 +0000 2022	unamushasha	@angrybaird97 Si, pero es huawei, y o sea varian los datos    Por ejemplo dice que el 10 y 11 no dormi xd https://t.co/055R0oF4ld	2088	0	1	1
1.5523789805773E+018	Wed Jul 27 19:42:45 +0000 2022	Andre_Villalba	Que buen teléfono que es Huawei con Android y que malo que es con su SO propietary (EMUI?) Juega a matar Google	358	1	1	0
1.55237713161064E+018	Wed Jul 27 19:35:24 +0000 2022	loboalonsotegui	@DaniRS95 Yo llevo desde 2018 con mi Huawei y a pesar de fallos mu tontos ahí sigue el cabrón ?	132	1	1	0
